1630762174.729125,25.75,24.75,24.0,24.0,23.75,23.75,23.0,23.5,23.75,24.0,23.75,23.75,23.75,23.0,22.25,23.25,22.75,23.25,23.0,23.0,23.0,22.5,23.0,23.25,23.5,23.5,23.25,22.75,23.5,23.0,23.0,23.75,23.0,22.75,22.75,22.25,23.25,22.5,23.25,23.25,23.75,24.0,23.25,23.5,23.75,23.5,23.25,23.5,24.0,24.5,23.5,24.0,23.75,23.25,23.0,23.25,24.0,25.0,23.75,24.5,23.75,23.5,23.5,24.75,
1630762174.912211,25.5,24.5,24.5,24.0,23.5,24.0,23.75,23.0,24.25,24.5,23.5,23.25,24.25,23.5,23.25,23.0,23.5,23.25,22.75,23.0,23.25,23.0,23.25,23.5,23.75,23.75,23.0,23.5,23.5,23.25,22.75,23.75,23.25,22.75,23.0,23.0,23.0,23.25,23.5,23.5,23.75,24.0,23.5,23.5,24.0,23.5,23.0,23.5,24.75,24.5,23.75,24.0,24.25,22.75,23.75,23.25,24.25,25.0,24.25,24.25,24.25,23.0,23.25,23.75,
1630762175.0968819,25.75,24.5,24.0,23.75,23.75,24.25,23.5,23.25,24.75,24.0,23.75,23.75,24.0,23.5,22.75,23.0,23.5,23.75,23.0,23.0,23.0,23.25,23.25,23.5,23.5,23.5,23.5,23.25,23.75,23.25,23.25,24.0,23.5,22.75,22.75,23.0,23.25,23.25,23.5,23.75,24.0,24.0,23.25,23.5,23.5,23.25,23.25,23.75,24.5,24.25,23.75,23.75,23.5,23.5,23.5,23.5,24.0,25.0,24.25,24.5,24.5,23.0,23.5,24.75,
1630762175.2775922,25.5,24.5,24.0,23.5,24.0,23.75,23.0,22.75,24.5,23.75,23.5,24.0,23.5,23.0,23.0,23.0,23.25,23.5,22.5,22.75,22.75,22.75,23.5,23.25,23.0,23.5,23.5,23.25,23.25,23.0,23.0,23.25,22.75,23.25,23.0,22.75,23.25,23.0,23.75,22.75,23.5,24.0,24.0,23.25,23.75,23.75,23.75,23.5,24.25,24.0,24.0,23.5,24.0,22.75,23.75,23.75,24.5,24.5,24.5,24.5,24.25,23.5,23.0,24.5,
1630762175.461335,25.5,25.0,24.5,23.75,23.5,24.25,23.5,23.5,24.25,24.0,23.75,23.75,24.0,23.5,23.0,23.0,23.5,23.25,22.75,23.0,23.0,22.75,23.5,23.5,23.25,23.5,23.25,22.75,23.0,23.5,23.0,23.5,22.75,23.0,22.75,23.25,23.25,23.75,23.5,23.5,24.0,23.5,23.75,23.25,24.0,23.25,22.75,23.5,24.0,24.0,23.75,24.25,23.25,22.75,23.75,24.0,25.0,24.75,23.75,24.25,24.25,23.5,23.5,23.75,
1630762175.642957,25.5,24.0,24.25,23.75,24.0,23.75,23.5,22.75,25.5,24.0,23.5,23.75,24.0,23.0,23.0,23.5,23.25,24.0,23.25,23.25,23.25,23.25,23.5,24.0,23.5,23.75,23.0,23.25,23.25,23.75,23.5,23.5,23.0,23.25,23.25,22.5,22.75,23.25,23.5,23.25,23.75,23.75,23.25,23.5,23.5,23.0,23.25,23.5,25.0,24.5,23.75,23.75,23.5,23.25,23.25,23.75,24.75,24.75,24.0,25.0,24.5,23.5,23.25,23.75,
1630762175.8257558,25.25,24.5,24.25,23.75,24.0,24.0,23.0,23.5,24.5,23.75,24.0,24.0,23.75,23.0,22.75,23.25,23.25,23.5,22.75,22.5,23.0,23.25,23.25,24.0,23.75,23.5,23.75,23.75,23.5,23.25,23.25,23.75,23.25,23.25,23.0,23.0,23.25,22.75,23.5,23.25,24.0,23.75,23.5,23.75,23.75,23.5,23.5,23.25,24.75,24.5,24.0,23.5,23.75,23.25,23.25,24.5,24.75,24.5,24.5,24.5,24.25,22.75,23.5,24.25,
1630762176.002671,25.25,24.75,24.0,23.75,23.5,23.75,23.25,23.25,25.25,23.75,24.0,24.25,24.0,23.0,22.75,23.0,23.0,23.25,23.0,22.75,23.25,23.0,23.75,23.75,23.5,23.5,23.25,23.5,23.25,23.25,23.75,24.25,23.5,23.0,22.75,23.25,23.0,23.25,23.5,23.25,23.5,23.75,24.0,23.75,23.75,23.25,23.25,23.75,24.25,25.0,24.0,23.75,23.75,23.0,23.25,24.0,24.0,24.5,24.0,24.0,24.5,23.25,23.25,24.75,
1630762176.1814332,25.0,24.75,24.0,23.5,24.0,24.0,23.25,22.75,24.5,23.75,23.75,23.75,24.0,23.5,22.75,23.0,22.75,23.5,22.75,22.75,23.0,22.5,23.0,23.5,23.5,23.25,23.0,23.25,23.0,23.25,23.25,23.75,23.25,22.75,22.5,22.75,22.75,22.75,23.0,23.0,23.5,23.75,23.5,23.25,23.0,23.0,23.25,23.0,24.0,24.0,23.5,23.5,24.0,23.0,23.0,22.75,24.5,24.5,24.0,24.25,23.75,23.0,23.25,23.75,
1630762176.360158,25.0,24.25,24.0,23.75,24.25,24.0,22.75,23.5,25.0,24.0,24.0,23.75,23.75,23.75,23.25,23.0,23.5,23.75,22.5,23.0,23.25,23.0,23.25,24.0,23.25,23.25,23.25,23.5,23.5,23.5,23.25,23.5,22.75,23.0,23.0,23.0,22.75,23.25,23.5,23.25,23.75,23.5,23.5,23.25,23.5,23.75,23.0,23.75,24.5,24.25,23.75,24.0,23.5,23.25,23.0,24.0,24.25,24.75,24.25,24.5,24.5,23.5,23.25,24.25,
1630762176.543881,25.0,24.75,23.75,23.75,24.25,24.0,23.5,23.25,25.25,24.0,23.75,23.5,23.75,23.25,22.75,23.5,23.25,23.75,23.0,23.25,23.0,22.75,23.75,23.5,23.75,23.25,23.25,23.25,23.5,23.5,23.5,24.25,23.25,23.0,23.25,23.0,23.25,22.75,24.0,23.25,23.75,23.75,23.5,23.25,23.75,23.0,23.25,23.75,24.5,24.5,23.5,23.75,23.25,22.75,23.25,24.0,24.5,25.0,23.5,24.0,24.25,23.5,23.25,24.5,
1630762176.723713,24.5,24.5,24.25,23.5,23.5,23.75,22.75,23.0,24.75,23.75,23.75,23.75,23.75,23.5,22.75,22.75,23.0,23.5,22.5,23.0,23.0,22.75,23.25,23.25,23.25,23.25,22.75,23.0,23.0,23.5,23.25,23.75,22.75,22.75,22.75,22.5,23.0,23.25,23.5,23.0,23.25,23.75,23.25,23.75,23.25,23.5,22.75,23.5,24.0,24.0,24.0,24.0,23.75,23.25,23.5,23.25,24.5,24.5,23.5,24.75,24.25,23.75,23.25,24.0,
1630762176.905646,24.75,24.5,23.75,24.0,23.75,24.25,23.25,23.25,24.75,24.25,24.0,23.5,23.75,23.5,23.5,23.5,23.5,23.5,22.25,22.5,23.25,22.75,23.25,23.75,23.5,23.75,23.0,23.25,23.5,23.25,24.0,24.0,23.0,22.75,23.0,22.75,23.0,23.0,23.5,23.25,23.75,23.75,24.0,23.5,23.0,23.25,23.25,23.5,24.5,24.75,24.0,24.0,24.0,23.25,23.25,23.75,25.0,24.25,23.75,24.0,24.25,23.25,23.75,24.0,
1630762177.0909061,24.5,25.0,24.0,23.5,23.75,23.75,23.5,23.75,25.25,24.0,23.5,24.0,24.25,23.0,22.75,23.25,24.25,23.75,22.75,22.75,23.25,23.25,23.0,23.5,23.75,23.5,23.75,23.0,23.5,23.25,23.25,23.5,23.25,23.0,22.75,22.75,23.25,23.25,23.5,23.25,23.75,24.0,23.75,23.75,23.5,23.0,23.0,23.75,24.5,24.5,23.25,23.5,23.75,22.75,23.5,24.0,24.25,24.5,24.0,24.5,23.75,23.25,23.5,24.0,
1630762177.268112,24.0,24.5,24.25,23.5,23.5,24.0,23.0,23.5,24.75,24.25,24.0,23.75,23.75,23.25,23.0,23.0,24.0,24.0,23.0,23.25,23.0,23.0,23.0,23.5,23.25,23.5,23.5,23.25,23.25,23.0,23.75,24.25,23.25,23.25,23.25,23.0,23.5,23.25,23.75,23.75,24.0,24.0,23.75,23.75,23.25,23.5,23.0,23.75,24.25,24.5,24.0,23.5,23.75,23.0,23.5,23.0,24.75,25.0,24.5,24.75,24.25,23.5,23.25,25.0,
1630762177.446954,24.0,24.5,24.25,24.0,23.5,24.25,23.5,23.5,24.75,24.25,24.0,23.75,24.0,23.75,23.0,23.75,23.75,23.75,23.0,23.0,23.5,23.25,23.25,24.0,23.75,23.25,23.5,23.25,23.5,23.5,23.5,24.0,22.5,23.0,22.75,23.0,23.25,23.0,23.25,23.25,23.75,24.25,23.5,23.25,23.5,23.5,23.25,23.5,24.5,24.5,23.75,24.0,24.25,23.25,23.25,23.75,24.75,25.0,24.0,24.25,23.75,24.0,23.25,25.0,
1630762177.626797,24.25,24.5,24.0,24.0,24.0,24.0,23.5,23.25,24.25,24.0,23.75,23.75,24.0,23.5,23.0,23.5,23.25,23.75,22.75,23.0,23.25,23.0,23.25,23.5,23.75,23.0,22.75,23.0,23.25,22.75,23.25,23.5,23.0,23.25,22.75,22.75,23.25,23.25,23.75,23.0,23.25,24.0,23.25,23.5,23.25,23.0,23.0,23.25,24.25,24.5,23.5,23.5,23.5,22.75,22.5,23.25,24.25,24.5,23.75,24.0,23.75,23.75,22.75,24.5,
1630762177.814195,24.0,24.5,24.5,23.5,23.75,24.5,23.25,23.0,24.75,24.25,23.5,23.75,24.25,23.25,22.75,23.0,23.0,23.75,23.0,22.5,23.0,22.75,23.5,23.5,23.25,23.5,23.5,23.25,23.5,23.25,22.75,23.75,23.5,23.25,23.0,22.75,23.5,23.25,23.75,23.0,23.75,23.75,23.75,23.75,23.5,23.25,23.25,24.0,24.25,24.5,23.75,23.5,23.75,22.5,23.25,23.75,24.0,24.0,23.75,24.0,24.25,24.0,23.0,24.75,
1630762177.981293,24.0,24.5,23.75,24.0,23.75,23.5,22.75,23.5,24.5,23.75,23.75,24.25,24.0,23.5,23.0,23.5,23.5,23.75,23.0,22.5,23.25,22.75,23.5,23.75,24.0,23.25,23.25,23.0,23.0,23.0,24.0,24.0,23.0,22.75,22.75,23.0,23.25,23.25,23.75,23.5,23.75,24.0,23.5,23.25,23.0,23.5,23.25,23.25,24.5,24.5,23.75,23.5,23.75,22.75,23.25,23.75,24.5,24.5,24.5,23.25,23.75,23.5,23.5,24.0,
1630762178.164087,23.5,23.75,24.25,23.5,23.75,23.75,22.75,22.75,24.25,23.75,23.5,23.0,23.25,23.5,22.75,23.0,23.5,23.5,22.75,22.75,22.75,22.75,23.0,23.5,24.0,23.5,23.5,23.25,23.25,23.0,23.5,23.25,23.0,23.0,22.75,23.0,23.0,23.25,23.5,23.0,23.0,23.5,23.25,23.25,23.25,23.0,23.0,23.25,24.0,24.25,23.25,23.25,23.75,22.5,23.25,23.75,24.0,24.25,24.0,23.75,24.0,23.25,22.5,24.0,
1630762178.3383071,23.75,24.25,24.25,23.5,24.0,24.0,23.5,23.25,24.5,23.75,24.0,23.75,24.0,24.0,23.5,23.5,24.25,23.75,23.0,23.25,23.25,23.25,23.5,23.75,24.25,23.5,23.25,23.0,23.0,23.25,23.5,23.5,23.25,23.25,23.25,22.75,23.5,23.25,23.5,23.5,23.5,24.0,23.25,23.5,23.5,23.75,23.25,23.5,24.75,24.5,23.75,23.75,23.75,23.5,23.5,23.25,24.25,25.25,24.25,24.5,24.5,23.5,23.75,24.5,
1630762178.527655,24.5,24.75,24.25,23.5,24.5,24.25,23.25,23.0,23.5,24.0,24.0,23.75,24.0,23.75,22.75,23.25,23.75,24.25,23.0,23.25,23.25,23.25,23.25,24.0,24.5,23.75,23.5,23.5,23.25,23.75,23.25,23.75,23.5,23.0,23.0,22.25,23.25,23.0,23.5,23.25,23.75,23.5,24.0,23.5,23.5,23.5,23.25,23.75,24.5,24.75,23.75,24.0,24.0,23.25,23.5,24.0,24.75,25.0,24.25,24.75,24.25,23.75,23.5,24.25,
1630762178.711125,24.25,24.0,24.0,23.5,23.75,23.5,22.5,22.5,23.75,23.75,23.75,23.25,23.5,23.0,23.25,23.0,23.75,24.25,23.0,22.75,23.25,22.75,23.25,24.0,24.25,23.5,23.5,23.0,23.5,23.5,23.0,23.75,23.0,23.25,23.0,22.75,23.25,23.0,23.25,23.25,23.75,23.75,23.75,23.0,23.75,23.25,23.0,23.5,24.25,24.5,23.5,24.0,24.25,23.25,23.0,22.75,24.25,24.75,24.25,24.5,24.5,23.5,23.5,24.5,
1630762178.8833332,24.25,24.75,24.0,23.75,24.0,24.0,23.25,23.25,24.0,24.25,24.0,23.75,24.25,23.25,23.5,23.5,23.75,24.0,23.25,23.0,23.0,23.25,23.5,23.5,25.0,23.5,23.5,23.5,23.5,23.25,23.0,23.25,23.25,23.0,23.0,23.0,23.0,23.0,23.75,23.5,23.5,23.75,23.75,23.5,23.25,23.25,23.25,23.0,24.5,24.25,23.5,23.75,24.0,23.25,23.5,23.5,24.25,24.75,23.75,24.0,24.75,23.75,23.5,24.5,
1630762179.063523,23.75,24.0,23.75,23.75,23.75,24.25,23.0,22.75,24.0,23.75,24.25,23.5,24.25,23.5,23.25,23.25,23.75,24.0,22.75,22.75,23.25,23.5,23.25,23.5,25.0,23.75,23.5,23.0,23.25,23.25,23.25,23.25,23.0,23.25,23.25,22.75,23.25,23.5,23.5,23.5,23.75,23.5,23.5,23.5,23.5,23.25,22.5,23.0,24.25,24.0,23.25,24.0,23.75,23.25,23.25,22.75,24.5,24.25,23.75,24.0,24.5,23.0,23.25,24.25,
1630762179.247369,23.5,24.25,24.25,23.75,23.75,24.0,23.75,23.5,24.0,24.25,24.0,24.0,24.0,23.5,23.5,23.25,23.75,23.75,23.0,23.0,23.25,23.0,23.0,23.5,25.25,23.75,23.5,23.25,23.5,23.5,23.75,23.75,23.5,23.25,23.25,23.0,23.0,23.25,23.75,23.25,23.75,23.75,23.75,23.25,23.25,23.25,23.5,23.75,24.5,24.25,23.5,23.75,24.0,22.5,23.25,23.5,25.0,25.0,23.75,24.0,24.25,23.25,22.75,23.75,
1630762179.428163,24.25,24.5,24.0,23.5,24.0,23.75,23.0,23.25,24.25,23.75,24.0,23.5,23.75,23.5,23.25,23.25,24.25,23.5,23.25,23.25,23.25,23.25,23.0,23.5,25.0,24.0,23.25,23.25,23.25,23.25,23.5,23.75,23.25,23.5,23.25,23.0,23.0,23.0,23.75,23.5,23.5,24.0,23.5,23.5,23.75,23.5,23.25,24.0,24.5,24.5,23.75,24.5,24.25,22.75,23.5,23.75,24.5,24.75,24.0,24.25,24.25,23.5,23.5,24.5,
1630762179.6061282,24.0,24.0,24.0,23.75,23.75,23.75,23.0,23.25,23.5,24.0,23.75,23.5,23.75,23.0,22.5,22.75,24.0,24.0,22.75,22.75,22.75,22.75,23.0,23.25,26.25,23.75,23.25,23.5,23.25,23.0,23.0,23.5,23.75,23.0,22.75,23.0,23.0,23.25,23.25,23.25,23.75,23.5,23.75,23.25,23.25,23.25,23.0,23.25,24.5,24.25,24.0,23.75,23.75,22.5,23.0,23.25,24.25,24.0,23.75,24.0,24.25,22.75,23.25,24.75,
1630762179.783684,24.5,24.5,23.75,24.25,24.25,23.75,23.25,23.25,23.5,23.75,23.75,24.0,24.25,23.25,23.25,23.5,23.25,23.75,23.25,23.0,23.0,23.0,23.5,23.5,26.25,24.5,23.5,23.25,23.25,23.25,23.75,23.75,23.5,23.25,23.0,23.0,22.75,23.0,23.75,23.25,24.0,24.0,23.5,24.0,23.0,23.75,23.25,23.75,24.75,24.5,23.75,24.0,24.0,22.75,23.25,23.75,25.0,24.75,23.75,24.5,24.75,23.25,23.25,24.5,
1630762179.964374,24.0,24.5,24.25,23.5,23.75,24.25,23.0,23.25,24.0,24.0,23.75,23.75,24.5,24.0,23.25,23.25,23.5,24.25,22.75,23.0,23.5,23.0,23.25,23.75,26.75,25.25,24.0,23.25,23.25,23.5,23.5,23.75,24.0,23.25,23.25,23.0,23.25,23.25,23.25,23.75,23.75,23.75,23.75,23.5,23.5,23.25,23.25,23.75,24.75,25.0,24.0,23.75,23.5,23.0,23.75,23.25,25.0,25.0,24.0,23.75,24.25,23.25,23.5,23.75,
1630762180.146601,24.25,24.5,23.75,23.25,23.75,24.0,22.75,23.0,24.25,24.0,23.75,23.5,23.75,23.0,23.0,23.25,24.0,24.25,23.25,22.75,23.0,23.25,22.75,23.25,26.5,24.75,23.75,23.5,23.25,23.75,23.5,24.0,24.25,23.25,23.0,23.0,22.75,23.0,23.5,23.75,23.75,24.25,23.75,23.25,23.25,23.25,22.75,23.75,24.75,25.0,24.0,24.0,23.75,23.25,23.25,23.5,25.0,24.75,24.25,23.75,23.75,23.75,23.25,24.25,
1630762180.3242729,24.25,24.25,24.75,23.25,24.0,24.25,23.25,23.25,24.25,24.25,24.0,24.25,24.0,23.5,23.0,23.0,25.0,24.25,22.75,23.25,23.25,23.25,23.25,23.25,26.5,25.0,24.25,23.25,23.25,23.75,23.5,24.0,24.5,23.75,23.25,23.25,23.25,23.5,23.75,23.5,24.25,24.0,23.75,23.0,23.5,23.0,23.25,23.5,24.5,24.75,23.75,24.0,23.5,23.0,23.5,23.75,24.75,24.5,24.75,24.25,24.0,23.5,22.75,24.5,
1630762180.5015512,23.75,24.75,24.25,23.5,23.5,24.0,23.25,23.25,24.25,24.25,24.0,23.75,24.0,23.5,23.0,23.25,25.5,24.0,23.5,23.25,23.5,23.0,23.0,23.75,27.0,25.75,24.0,24.0,23.25,23.25,23.5,23.5,24.0,24.0,22.75,23.0,23.25,23.25,23.75,23.5,24.0,24.25,23.75,23.5,23.5,23.25,23.25,23.25,25.0,25.0,24.0,24.25,23.75,22.75,23.5,23.25,24.25,24.75,24.25,24.5,23.75,23.5,23.25,24.0,
1630762180.6873379,24.5,24.75,24.5,23.75,23.75,23.75,23.0,22.75,24.25,24.25,24.0,23.75,23.5,24.0,22.5,23.0,26.0,24.5,23.25,23.0,23.0,23.0,23.5,24.0,27.25,26.75,23.75,23.75,23.5,23.25,23.25,23.5,24.5,23.5,23.0,23.0,23.0,23.25,23.5,23.75,24.0,23.75,23.5,23.75,23.75,23.25,22.75,23.25,25.0,24.75,24.5,23.75,23.75,23.5,23.5,23.5,25.0,25.0,23.75,24.25,24.25,23.5,23.75,24.25,
1630762180.859094,24.0,24.5,24.5,23.75,23.75,24.25,23.0,23.5,25.0,24.25,23.75,24.0,24.0,23.75,23.0,23.25,27.25,25.25,23.0,22.75,23.25,23.25,23.25,24.0,28.5,26.5,24.25,23.0,23.75,23.5,23.5,23.75,23.75,24.25,23.25,23.0,23.25,22.75,23.75,23.75,24.0,24.0,24.0,23.5,24.0,23.5,23.5,23.75,24.25,24.5,23.75,24.0,24.0,22.5,23.25,23.5,24.25,25.0,24.0,24.0,24.25,23.5,23.25,24.25,
1630762181.0389519,24.25,24.75,24.5,24.0,24.0,24.75,22.25,23.0,24.75,24.0,23.5,24.0,24.0,23.5,22.75,22.75,27.25,24.75,23.0,23.0,23.5,22.75,23.0,23.5,27.75,26.75,24.25,23.0,23.25,23.25,23.25,23.25,24.5,23.5,23.25,22.75,23.0,23.25,23.5,23.5,23.5,23.75,23.5,23.5,23.5,23.25,23.0,23.0,24.75,24.25,23.75,24.0,24.25,23.0,23.75,24.0,24.5,24.5,24.5,24.0,23.75,23.0,23.25,24.0,
1630762181.217273,24.0,24.5,24.25,23.75,23.75,24.5,23.25,23.25,25.0,24.0,24.0,24.0,24.25,22.75,23.0,23.5,27.75,25.0,23.5,23.25,23.0,23.5,23.0,23.5,28.25,27.0,24.5,23.25,23.25,23.25,23.5,23.5,26.0,24.25,23.75,23.0,23.5,23.25,23.5,23.25,23.75,23.5,23.5,23.5,23.75,23.0,23.25,23.25,24.5,24.75,24.25,23.75,24.0,22.5,23.75,24.25,25.25,24.75,24.0,23.75,24.75,23.75,23.25,24.5,
1630762181.3924348,24.5,24.5,24.75,23.75,23.75,24.0,23.0,23.5,27.0,24.75,24.25,24.0,24.25,23.75,23.25,23.5,28.5,25.75,23.5,23.0,23.25,23.75,23.5,23.75,29.25,26.75,24.5,23.75,23.5,23.25,23.25,24.5,27.0,25.5,24.25,23.25,23.25,23.25,23.75,23.5,24.5,24.5,23.5,23.25,24.0,23.5,23.0,23.75,24.75,25.0,24.5,24.25,24.0,22.75,23.5,23.5,25.0,25.0,24.25,24.5,24.25,23.5,23.75,24.0,
1630762181.577228,24.5,24.75,24.5,23.25,23.75,24.25,23.5,23.25,27.0,25.0,24.5,23.75,24.0,23.25,23.0,23.0,28.5,27.0,23.5,23.25,23.25,22.75,23.25,23.5,28.75,28.0,24.75,23.75,23.25,23.0,23.5,23.0,28.0,26.25,24.0,23.25,23.25,23.25,23.5,23.0,24.5,24.0,23.5,23.25,23.75,23.5,23.25,23.5,24.75,24.75,24.0,24.25,24.25,23.0,23.75,24.0,24.75,25.0,24.25,24.5,24.25,23.5,23.5,23.75,
1630762181.755647,24.5,24.5,24.25,24.0,24.0,24.0,23.25,23.25,26.75,24.5,24.25,24.0,24.25,23.5,23.5,23.25,29.0,28.5,24.0,23.25,23.25,23.0,23.5,24.0,29.75,29.0,25.0,23.75,23.5,23.75,23.5,23.5,29.0,28.0,24.5,23.5,23.5,23.5,23.75,23.25,26.0,24.75,24.25,23.5,23.25,23.5,23.25,23.75,25.0,25.0,23.75,24.0,24.25,23.75,23.75,23.75,25.0,25.0,24.25,24.25,24.0,23.75,24.0,24.25,
1630762181.936602,25.0,24.75,23.75,23.75,24.5,23.5,23.0,23.25,26.0,24.75,24.25,24.25,24.0,23.25,23.0,23.25,29.0,28.75,24.25,23.25,23.25,22.75,23.0,23.5,29.75,29.0,26.0,24.0,23.5,23.25,23.25,23.5,28.75,29.5,26.0,23.75,23.5,23.25,23.75,23.5,27.75,26.5,24.25,24.0,23.25,23.5,23.5,24.0,26.0,25.25,25.0,24.0,24.25,23.25,23.0,23.25,25.0,25.5,24.75,24.5,24.0,24.0,23.25,24.75,
1630762182.117279,24.75,24.75,24.25,23.75,23.5,23.75,23.0,23.5,25.5,25.25,24.25,23.75,24.25,23.75,23.25,23.5,29.25,28.75,25.5,23.5,23.25,23.5,23.5,24.0,30.5,29.0,27.0,24.25,23.75,23.75,23.75,23.75,29.5,29.0,27.0,23.75,23.25,23.0,23.5,24.0,28.5,27.0,25.25,23.75,24.0,23.25,23.25,24.0,25.0,25.25,25.0,24.5,24.25,23.25,23.75,23.25,25.0,25.0,25.25,23.75,24.75,23.5,23.25,24.5,
1630762182.2942662,24.75,24.5,24.5,23.75,24.0,24.25,23.5,23.5,25.5,25.0,24.0,24.25,24.0,23.25,22.75,23.5,29.75,29.0,25.75,23.5,23.0,22.75,23.75,24.25,30.75,29.0,27.25,24.0,23.5,23.75,23.5,23.5,29.75,29.5,27.0,23.5,23.25,23.25,23.5,23.5,27.75,27.0,24.5,23.75,23.5,23.75,23.5,23.25,25.5,25.25,24.5,24.0,24.0,23.25,23.5,23.75,25.25,25.5,24.25,24.75,24.25,23.5,23.25,24.0,
1630762182.4840891,24.75,25.0,24.75,23.75,24.0,23.5,23.25,23.5,26.0,25.0,24.0,24.0,23.75,23.25,22.75,23.0,29.75,29.0,25.75,23.0,23.0,23.25,23.25,23.5,30.75,29.0,27.75,24.25,23.5,23.25,23.25,23.75,29.75,29.25,27.5,23.5,23.5,22.75,23.5,23.5,26.25,26.25,24.5,23.75,23.5,23.0,23.0,23.25,25.25,25.0,24.25,23.75,23.5,23.0,23.5,23.75,25.0,25.25,24.5,24.75,24.0,23.25,23.75,24.25,
1630762182.665452,25.25,24.5,24.75,24.0,24.25,24.5,23.25,23.25,27.25,26.25,24.75,23.75,24.5,23.75,23.25,23.0,29.75,29.5,26.75,23.75,23.75,23.0,23.5,24.0,30.5,29.25,27.75,24.5,23.5,24.0,23.5,23.5,29.5,29.0,27.25,24.0,23.5,23.5,23.25,23.75,25.0,26.0,24.25,23.5,23.75,23.75,23.0,24.0,25.25,25.0,24.0,24.5,23.5,23.5,23.75,23.75,25.25,24.5,24.5,24.25,24.25,24.25,23.0,24.75,
1630762182.8568692,24.75,25.25,24.75,24.0,24.0,24.25,23.5,23.25,28.25,28.0,25.0,24.25,23.75,23.5,23.0,23.25,29.0,29.75,28.0,23.75,23.25,23.25,23.25,23.75,30.75,29.25,27.75,24.75,23.75,23.5,23.25,24.0,28.25,29.25,27.75,24.25,23.75,23.5,24.0,23.5,24.75,25.5,24.0,23.5,23.75,23.25,23.25,23.75,25.0,25.0,24.0,24.5,24.0,23.25,23.25,23.75,25.0,24.75,24.5,24.5,24.0,23.5,23.25,24.5,
1630762183.035521,25.25,25.0,24.0,24.0,23.75,24.0,23.25,23.0,27.25,28.75,25.25,23.75,24.25,23.5,22.75,22.75,27.75,30.25,28.0,23.75,23.5,22.75,23.25,23.5,28.75,29.75,28.5,25.25,23.5,23.0,23.0,23.25,27.0,28.5,27.75,24.75,23.25,23.0,23.5,23.0,24.25,25.75,24.5,24.25,23.5,23.0,23.25,23.75,24.75,24.75,24.75,24.0,24.0,23.0,23.5,23.0,24.75,24.5,24.75,25.0,24.25,23.75,22.75,25.25,
1630762183.215323,25.25,25.25,24.75,24.0,24.0,23.75,23.5,23.75,26.75,28.5,26.0,24.25,24.25,23.75,22.75,23.25,28.25,29.0,28.75,25.0,23.5,23.0,23.5,23.5,28.75,29.5,29.0,26.0,24.0,23.5,23.25,24.25,25.75,29.0,28.5,26.25,23.75,23.75,23.5,23.5,24.75,25.5,25.0,24.25,23.75,23.25,23.75,24.0,24.75,25.5,24.5,24.25,24.0,22.75,23.75,23.5,24.75,25.0,24.25,24.75,24.75,23.5,23.75,24.5,
1630762183.395206,24.75,24.75,25.25,24.0,24.0,24.5,23.5,23.75,25.75,27.25,27.75,24.75,24.25,23.25,23.25,23.75,27.75,28.25,29.0,26.75,23.75,23.25,23.5,23.75,28.5,28.75,28.75,28.0,24.25,23.5,23.5,24.25,26.25,28.25,29.0,28.5,24.5,23.25,23.75,23.5,24.5,26.25,27.0,24.5,24.25,23.75,23.5,23.75,25.25,25.5,24.75,24.0,24.0,23.25,23.75,23.5,25.5,25.0,25.0,24.5,24.25,23.75,23.75,24.75,
1630762183.572101,24.75,25.0,24.75,24.25,24.25,24.5,23.5,23.5,24.5,25.5,27.25,25.0,24.75,23.75,23.25,23.25,26.0,27.5,27.5,28.0,24.5,23.25,23.75,23.5,28.75,28.0,27.75,29.0,25.5,23.5,23.5,24.25,27.0,27.75,27.75,28.75,25.25,23.25,23.75,23.5,25.25,26.0,28.0,27.25,24.25,23.5,23.75,23.75,25.0,25.0,24.75,24.75,24.25,23.25,23.5,23.75,25.0,25.0,24.25,24.5,24.75,23.5,23.5,24.75,
1630762183.756877,24.25,24.5,24.5,23.75,24.0,24.5,23.25,23.5,24.0,25.0,26.5,25.25,24.0,23.75,23.0,23.25,24.75,27.0,26.75,27.0,24.5,23.5,23.0,23.5,26.75,28.25,28.0,27.75,26.75,23.5,23.75,23.75,26.25,28.0,28.0,27.5,26.0,23.5,23.75,23.75,24.75,25.75,26.75,28.0,24.5,23.5,24.0,23.5,25.75,25.5,24.75,24.75,24.5,23.5,23.5,24.0,24.75,25.25,23.75,24.75,24.75,24.0,23.75,24.25,
1630762183.940942,24.5,25.0,24.5,24.5,24.0,24.25,23.25,23.75,24.25,25.25,25.75,25.5,24.5,24.0,23.0,23.25,25.0,27.0,27.0,27.0,25.25,23.25,23.0,23.5,25.5,28.75,27.5,27.5,26.5,23.75,23.25,23.5,24.5,26.75,27.5,27.25,26.0,23.75,23.75,23.0,24.25,25.0,26.25,27.75,24.5,23.25,23.75,23.5,24.75,25.5,24.25,25.0,24.25,23.5,23.5,24.0,24.75,25.25,24.5,24.75,24.5,23.75,23.5,24.5,
1630762184.121475,25.0,24.75,25.0,24.25,24.75,24.0,23.0,24.0,24.25,24.75,25.75,26.25,24.75,24.0,22.5,23.25,24.25,27.25,26.5,26.75,25.75,23.25,23.0,23.75,25.0,28.75,28.75,28.25,26.75,24.0,23.25,23.5,23.75,26.5,27.25,28.0,26.0,23.75,23.75,23.75,24.5,24.75,25.5,27.5,23.75,23.25,23.75,23.75,25.0,25.25,24.0,25.0,24.0,23.5,24.0,24.0,24.75,25.0,24.5,24.75,24.5,23.5,23.75,24.0,
1630762184.304033,24.25,24.75,24.75,24.5,24.5,24.5,23.75,23.5,24.5,25.5,25.75,26.25,25.25,23.75,23.0,23.25,24.5,27.0,27.25,27.25,26.5,23.75,23.75,23.5,24.5,27.5,29.0,28.25,27.75,24.25,23.75,24.0,24.0,24.75,27.0,27.0,27.0,24.0,23.75,23.75,24.25,24.25,24.75,26.25,24.25,23.75,23.25,23.75,24.5,24.75,24.5,24.25,25.0,23.0,23.5,23.25,25.0,25.0,24.75,24.5,24.75,24.0,23.75,24.75,
1630762184.481566,23.5,24.5,24.75,24.0,24.75,24.25,23.5,23.0,24.0,24.75,26.5,26.75,25.75,23.75,23.0,23.25,24.0,25.75,27.75,27.75,27.25,24.25,23.25,23.75,23.75,25.5,27.5,28.0,27.75,24.75,23.25,23.5,23.25,24.0,25.75,26.5,26.75,23.75,23.75,23.0,24.25,24.25,24.25,25.75,24.75,23.75,23.25,24.0,24.75,25.25,24.25,24.5,24.75,23.75,23.75,24.0,24.5,24.5,24.25,24.25,24.75,23.5,24.25,23.75,
1630762184.659986,24.25,24.5,25.25,25.0,25.0,24.75,23.75,24.0,24.0,24.5,26.0,27.75,26.75,25.0,23.5,23.75,23.25,24.75,27.75,28.5,27.75,27.0,24.0,23.75,23.75,24.25,26.25,28.25,28.25,27.75,24.5,24.0,23.75,24.0,24.5,27.5,26.5,24.75,24.25,23.75,24.0,24.0,24.0,25.25,24.75,23.75,23.25,24.0,24.75,24.5,24.5,24.5,24.5,23.25,22.75,23.5,25.0,24.5,24.75,24.75,24.75,24.0,23.5,24.5,
1630762184.839862,24.0,24.75,24.25,24.25,24.75,24.5,23.75,23.75,23.25,24.25,24.5,26.75,27.75,26.75,24.75,24.0,23.0,24.25,23.5,27.5,29.0,28.25,26.5,24.75,23.25,23.5,24.25,27.25,28.75,27.75,26.75,24.5,23.75,23.5,23.5,27.0,28.0,26.0,24.75,23.75,23.75,24.25,24.25,24.75,26.0,23.75,23.5,24.0,25.25,24.75,24.25,24.0,24.25,23.75,23.75,23.75,24.5,25.25,24.0,24.5,24.75,24.0,23.5,24.75,
1630762185.0199099,23.5,24.5,24.25,24.5,24.75,25.25,24.0,24.0,24.25,23.5,24.0,24.25,27.5,27.25,25.5,24.5,23.0,24.25,23.0,24.0,27.75,28.75,27.5,26.25,23.5,23.5,23.5,24.75,27.75,29.25,28.25,27.0,23.0,23.25,23.25,24.25,28.5,27.5,27.25,25.5,24.25,23.75,24.0,24.25,26.25,27.0,24.25,24.5,25.75,24.75,24.25,24.25,24.25,23.5,24.25,24.5,24.5,24.75,24.25,24.5,25.0,24.0,24.25,24.25,
1630762185.201525,24.0,24.5,24.25,24.0,24.5,25.25,24.0,23.75,23.75,23.75,24.25,24.25,26.5,26.75,25.0,24.75,23.5,23.75,23.0,23.25,26.5,28.0,28.25,27.25,23.25,23.75,23.0,23.75,27.5,27.75,29.75,28.5,23.0,23.5,22.75,23.5,26.75,28.0,28.75,28.25,23.75,24.0,23.75,24.0,24.5,28.25,26.0,25.75,24.25,24.5,24.0,24.0,24.5,23.75,24.75,24.75,24.5,24.75,24.5,24.75,24.25,23.75,24.0,25.0,
1630762185.386882,24.25,24.75,24.25,24.0,24.5,25.0,24.0,24.25,24.0,24.0,24.0,23.75,24.75,26.75,24.75,24.0,23.25,23.5,23.0,23.0,25.25,28.5,27.75,28.25,24.0,23.75,23.5,22.75,25.5,28.0,28.5,29.5,22.75,23.0,23.0,23.0,24.0,29.0,28.25,29.0,23.5,23.25,23.5,23.75,23.75,26.75,27.25,25.75,24.0,24.75,23.5,24.0,24.0,23.75,24.25,24.25,24.0,24.5,24.0,24.5,24.0,24.0,24.0,25.0,
1630762185.566853,23.75,24.25,24.0,23.75,24.75,25.0,24.0,24.25,23.5,24.25,24.0,24.0,24.5,26.0,25.25,24.25,23.25,23.5,22.75,23.5,24.0,28.75,28.0,28.0,24.0,23.75,23.25,23.5,24.75,28.75,28.0,30.25,23.5,23.0,23.0,23.0,23.75,28.75,29.0,28.75,24.25,23.75,24.0,23.75,24.5,25.5,28.25,25.75,24.25,24.5,24.0,24.25,24.0,24.0,24.5,24.5,24.75,24.75,23.75,24.5,24.75,24.0,23.75,25.0,
1630762185.749778,24.25,24.75,24.5,23.75,24.0,25.0,23.75,24.25,23.75,24.0,23.75,24.0,24.0,25.0,26.75,25.0,23.75,23.5,23.0,23.25,23.5,27.0,28.75,29.5,23.25,23.5,23.5,23.5,24.0,28.75,28.25,30.5,23.25,23.5,23.25,23.5,23.5,27.5,29.75,28.5,23.5,24.25,24.25,24.0,24.0,24.0,27.0,25.25,24.5,24.75,24.0,24.0,24.25,23.0,24.75,24.0,24.5,24.75,23.75,24.5,24.75,24.0,23.5,24.0,
1630762185.9301848,23.5,24.0,24.75,23.5,23.75,24.25,24.0,23.75,23.75,23.5,23.5,23.5,24.25,24.5,27.25,25.25,23.5,23.5,22.75,23.25,23.75,25.25,29.0,29.0,23.75,23.5,23.25,23.0,24.0,27.5,28.5,28.75,23.0,23.25,23.0,23.0,23.25,26.0,29.75,27.75,23.75,24.0,23.75,23.5,23.5,23.75,25.75,25.25,24.25,24.75,23.5,24.0,24.0,23.25,24.0,25.0,24.25,24.75,24.5,24.5,24.5,23.75,24.25,24.0,
1630762186.112801,24.25,24.0,24.0,24.25,24.0,24.75,24.25,24.75,23.75,23.75,24.0,24.0,24.5,24.25,28.25,26.25,23.25,23.75,23.25,23.25,23.5,25.25,28.75,28.25,24.0,23.25,24.0,23.25,24.25,27.0,29.75,28.5,23.25,23.25,23.0,23.0,23.5,25.25,29.75,27.75,23.75,24.0,23.5,23.5,23.75,23.25,25.25,25.5,24.0,24.0,23.75,24.25,24.0,23.5,23.5,23.75,24.75,24.5,24.5,24.25,24.0,23.75,23.25,24.25,
1630762186.2912278,24.25,24.75,24.5,24.0,23.75,24.5,24.0,24.25,23.5,24.0,23.75,24.0,24.0,24.5,28.25,27.25,23.5,23.75,23.25,23.0,23.5,25.0,29.25,28.5,23.5,24.0,23.5,23.0,24.0,27.0,29.5,29.5,23.5,23.0,23.25,23.0,23.75,25.0,28.75,27.75,23.5,23.75,23.75,23.25,23.75,23.5,24.25,25.0,24.0,24.75,24.0,24.0,24.25,23.0,24.25,24.0,24.75,24.0,24.5,24.0,24.25,24.25,23.75,25.0,
1630762186.467159,23.75,24.25,23.75,23.75,24.0,24.5,24.25,25.25,23.75,23.75,23.75,23.5,24.25,23.75,27.5,28.0,23.25,23.5,23.0,23.25,23.5,25.0,29.25,29.25,23.5,24.0,23.75,23.75,24.0,26.75,30.0,30.25,23.0,23.25,22.75,23.25,23.25,24.0,27.75,27.5,23.5,24.0,24.25,23.75,23.5,23.25,23.75,24.75,25.0,24.25,24.0,24.25,24.0,23.25,23.5,24.25,24.25,25.0,24.5,25.0,24.25,23.75,23.5,25.25,
1630762186.6458051,24.0,24.5,24.25,24.25,24.0,24.75,23.75,25.0,23.75,24.0,24.0,23.75,24.25,24.25,27.0,28.0,23.0,24.0,23.0,23.0,23.5,24.75,28.75,30.0,23.75,23.75,23.75,23.75,24.0,26.5,29.25,30.5,23.5,23.25,23.0,22.75,23.25,23.5,26.25,28.5,23.75,24.0,23.75,24.0,23.75,23.75,23.75,24.5,24.5,24.75,23.25,23.75,24.25,23.0,23.5,24.25,24.75,24.0,24.25,24.5,24.75,23.5,23.75,24.75,
1630762186.827028,24.25,24.25,24.25,23.75,24.0,24.25,24.0,24.75,24.0,23.5,24.0,23.75,24.25,23.5,25.0,28.5,23.75,23.25,23.0,23.25,23.5,23.75,28.0,30.0,23.0,23.5,23.25,23.75,24.0,26.0,28.5,30.5,23.0,23.25,22.75,23.0,23.0,23.25,25.25,27.75,23.5,23.75,23.25,23.5,23.25,23.0,23.5,23.75,24.5,24.5,23.5,23.75,24.0,23.25,23.5,23.5,24.5,24.5,24.0,23.75,24.25,23.25,23.75,23.75,
1630762187.008827,25.0,24.75,24.25,23.75,24.25,24.25,23.5,23.75,24.0,24.0,24.25,23.75,24.25,23.5,23.5,25.5,23.5,23.75,22.75,22.75,23.0,23.5,25.25,28.75,23.75,23.25,23.5,23.5,23.75,24.75,26.5,29.5,23.0,23.25,23.0,23.5,23.5,23.25,24.75,28.0,23.5,24.0,23.75,23.75,23.75,23.25,23.0,24.25,24.75,24.25,23.75,23.75,24.0,23.25,23.5,23.5,24.25,25.0,24.0,24.5,24.25,23.5,23.5,24.75,
1630762187.2016,24.25,24.5,23.75,23.75,24.0,24.25,23.5,23.5,23.75,23.75,23.75,23.75,24.25,23.5,23.25,23.75,23.25,23.75,22.75,22.75,23.25,23.25,24.0,25.75,23.25,23.25,23.25,23.5,23.5,25.0,26.0,28.0,23.0,23.0,22.75,23.0,23.0,23.5,24.5,26.5,23.75,23.75,23.5,23.5,23.25,23.5,23.25,23.5,24.75,24.25,23.75,24.0,24.25,23.25,23.25,24.0,24.25,24.0,24.25,24.5,24.5,23.75,22.75,24.75,
1630762187.368412,24.25,24.25,24.25,23.75,23.5,23.75,23.25,23.75,23.25,24.25,23.75,23.75,23.75,23.0,23.25,23.0,23.0,23.0,22.75,22.75,22.75,23.0,23.0,24.5,23.5,23.5,23.0,23.0,23.5,23.75,25.25,27.5,22.75,23.25,22.75,22.75,23.0,23.0,23.75,26.0,23.75,23.5,23.75,23.25,23.0,23.5,23.0,24.0,24.5,24.5,23.75,24.25,23.25,23.0,23.75,24.25,24.25,24.75,24.0,24.5,24.25,23.75,23.0,24.25,
1630762187.558879,24.0,24.5,24.25,23.5,23.5,24.25,23.5,23.25,23.75,24.0,23.75,24.0,24.25,23.25,23.5,23.25,23.75,23.25,23.0,23.0,23.0,22.75,23.0,23.5,23.5,23.5,23.25,23.25,23.5,23.75,24.5,26.75,23.5,23.25,23.0,23.0,23.25,23.0,23.75,26.0,23.75,24.0,23.5,23.25,23.5,23.5,23.0,24.0,25.0,24.25,23.75,24.0,23.75,23.25,23.0,23.5,24.25,25.0,24.0,24.5,24.25,23.5,23.25,24.25,
1630762187.731414,24.25,24.25,24.25,23.5,24.0,24.0,23.5,23.25,24.0,23.75,23.75,23.25,24.0,23.25,23.25,23.0,23.0,23.5,22.75,22.75,23.0,23.0,23.5,23.5,23.25,23.25,23.25,23.25,23.5,23.75,24.0,25.75,23.25,23.5,23.0,22.75,23.25,23.75,24.0,25.5,24.25,23.75,23.5,23.5,23.25,23.5,23.0,23.75,24.25,24.5,24.0,24.25,24.0,23.0,23.75,24.25,24.5,24.0,24.0,24.25,24.5,23.5,23.75,24.5,
1630762187.910623,24.0,24.5,24.25,23.0,23.25,23.75,23.0,22.75,24.0,23.5,24.25,24.0,24.0,23.5,22.75,23.0,23.25,23.75,22.75,23.0,23.25,23.25,23.5,23.75,23.5,23.5,23.5,23.5,24.0,23.75,24.5,25.75,23.25,23.0,23.25,23.5,23.0,23.25,24.0,25.0,23.5,24.25,23.5,23.5,23.5,23.5,23.5,24.5,24.25,24.25,24.25,23.5,24.0,23.0,23.75,24.0,24.75,24.5,24.5,24.5,24.0,23.5,23.25,24.25,
1630762188.170901,24.5,24.5,24.0,23.5,23.75,24.0,23.25,23.25,23.5,23.5,23.5,23.5,23.75,23.75,23.25,24.0,23.25,23.75,23.0,23.25,23.5,23.0,23.25,24.25,23.75,23.0,23.25,23.25,23.5,23.5,24.0,26.25,23.25,23.5,23.0,23.0,23.25,23.25,23.25,24.0,23.5,23.75,23.75,23.75,23.5,23.25,23.0,23.5,24.5,24.75,23.25,23.75,24.0,23.0,23.25,24.25,25.0,24.75,24.5,24.5,24.25,23.5,23.5,24.25,
1630762188.361587,24.25,24.0,23.5,23.0,23.5,23.75,23.25,23.25,23.75,23.75,23.5,23.25,24.0,23.0,22.75,22.75,22.75,23.25,22.75,23.0,22.75,23.0,23.25,23.75,23.0,23.25,23.25,23.25,23.5,23.25,23.25,25.75,22.5,22.5,22.5,23.0,22.75,22.75,23.25,23.5,23.5,23.75,23.5,23.25,23.25,23.5,23.0,23.75,24.25,24.25,23.5,23.5,24.0,22.75,23.5,23.0,24.75,24.5,24.0,24.25,24.5,23.75,24.0,25.0,
1630762188.5337138,24.75,24.25,24.0,23.75,24.0,23.75,23.5,23.25,23.25,23.75,24.0,24.0,24.75,23.75,23.75,23.5,23.25,24.0,23.0,23.0,22.75,23.5,23.5,24.25,23.5,23.75,23.25,23.75,23.25,23.0,23.75,25.25,23.0,23.0,23.25,23.0,23.0,23.75,24.0,23.5,23.75,23.75,23.75,23.5,23.5,23.75,23.25,23.5,24.5,25.25,23.5,23.75,24.0,23.25,23.5,24.0,24.75,24.75,24.5,24.5,24.5,23.75,23.5,24.5,
1630762188.719886,25.0,24.5,24.0,23.75,24.0,24.75,23.25,23.5,24.25,24.0,23.0,24.0,24.0,23.25,23.5,23.25,23.5,23.5,23.0,22.75,23.5,23.25,23.75,24.5,23.5,23.25,23.25,23.25,23.25,23.0,23.75,25.25,22.75,22.75,23.0,23.25,23.5,23.25,23.75,23.5,24.25,23.25,23.25,23.5,23.5,23.5,23.0,23.5,24.25,24.75,24.25,24.0,24.0,23.25,23.75,23.25,24.75,25.0,23.75,24.25,24.25,23.25,23.5,24.5,
1630762188.900324,24.0,24.5,24.0,23.75,24.0,24.0,23.5,23.5,24.5,24.0,23.75,23.75,24.0,23.75,23.5,23.5,23.5,23.25,22.75,22.75,23.0,23.25,23.25,24.0,23.75,23.25,23.25,23.5,23.0,23.75,24.0,24.75,23.75,22.75,23.25,23.5,23.0,23.25,23.75,23.5,24.0,23.25,23.25,23.5,23.5,23.25,23.25,23.75,24.5,24.5,23.75,23.5,24.5,23.0,24.0,23.75,24.25,24.75,24.25,24.75,24.75,23.25,23.25,24.75,
1630762189.077404,24.75,24.5,24.0,23.75,23.75,24.25,22.75,22.75,24.5,24.0,23.5,24.0,24.0,23.5,23.25,23.0,23.5,23.75,22.75,23.25,23.0,23.25,23.5,23.75,24.0,23.75,23.25,23.75,23.25,23.5,23.5,24.5,23.25,23.0,23.0,23.0,23.25,23.25,23.75,24.25,23.5,24.25,23.75,23.75,23.75,23.25,22.75,24.0,24.25,24.25,23.75,23.5,24.0,23.0,23.5,23.5,24.75,24.5,24.0,24.75,24.75,23.5,23.75,24.25,
1630762189.2556942,25.0,24.5,24.0,23.5,24.25,23.75,23.5,23.75,24.5,23.5,24.0,23.75,23.75,23.5,23.25,23.25,22.75,23.75,22.75,23.0,23.25,23.0,23.5,24.25,23.25,23.25,23.25,23.5,23.5,23.25,23.75,24.25,23.0,23.0,22.25,22.75,22.5,23.0,23.5,23.5,24.0,23.75,23.5,23.25,23.5,23.5,23.25,24.25,24.75,24.5,23.25,23.75,23.5,22.75,23.5,23.75,24.0,23.75,23.5,24.25,24.25,23.75,23.0,24.0,
1630762189.435283,24.5,24.75,24.25,23.75,23.25,24.25,23.75,23.75,25.0,24.25,24.0,23.75,23.75,23.75,23.0,23.25,23.75,23.5,22.75,22.75,23.5,23.25,23.5,24.5,23.5,23.25,23.25,23.5,23.75,23.25,24.25,24.5,23.25,23.0,22.75,23.0,23.25,23.75,23.75,24.25,23.75,24.0,23.75,23.5,23.5,24.0,23.5,24.75,24.5,24.5,24.0,24.0,23.75,23.25,23.5,24.25,24.5,25.25,24.5,24.5,24.0,23.75,23.5,24.5,
1630762189.6096199,24.75,24.75,24.0,23.5,24.0,24.25,23.25,23.75,24.75,24.25,23.75,23.75,24.0,23.5,23.0,23.5,23.75,23.75,22.5,22.75,23.5,23.25,23.25,23.75,23.75,23.5,23.25,23.5,23.5,23.5,23.25,24.75,23.25,23.5,23.0,23.25,23.25,23.5,24.25,24.75,23.75,24.0,24.0,23.75,23.75,23.75,23.5,24.5,25.25,24.5,24.25,23.75,23.75,22.5,24.0,23.75,24.5,25.0,24.25,24.75,24.25,23.5,23.75,24.75,
1630762189.797929,24.0,24.25,23.5,23.25,23.75,23.75,23.5,23.0,24.75,24.0,23.75,23.5,24.0,23.25,22.25,23.0,23.25,23.5,23.0,23.0,23.25,23.0,22.5,23.5,24.5,23.5,22.75,23.0,22.75,23.25,23.0,23.75,23.25,23.25,23.25,22.75,23.0,23.0,23.5,23.75,23.25,24.0,23.25,23.75,23.0,23.5,23.25,26.0,24.5,24.75,23.5,23.75,23.75,22.75,23.5,23.75,24.75,24.25,24.0,24.25,24.25,23.5,23.75,24.25,
1630762189.978229,24.0,24.25,24.0,23.5,24.0,24.5,23.25,22.75,24.25,24.25,24.0,23.75,23.5,23.5,22.5,23.0,24.0,24.25,22.75,22.75,23.25,22.75,23.25,24.0,24.25,23.75,23.0,23.5,23.5,24.0,23.75,24.25,23.25,23.25,23.25,23.0,23.0,23.25,23.75,23.25,24.0,23.75,23.0,23.5,23.0,23.25,23.0,25.0,24.5,24.5,23.75,23.75,24.0,23.5,23.5,25.0,24.75,24.5,24.5,24.25,24.75,23.75,23.5,24.25,
1630762190.149316,24.0,24.25,24.0,24.0,24.0,24.0,23.0,23.0,24.5,24.5,23.5,24.25,23.75,23.5,23.25,23.0,24.75,23.75,23.0,23.25,23.5,23.0,23.5,23.75,24.75,24.0,23.5,23.5,23.75,23.75,23.25,23.75,23.5,23.25,23.25,23.25,23.5,23.5,23.5,23.75,24.0,24.0,23.5,23.5,23.75,23.5,23.25,24.75,24.5,24.75,24.0,24.25,24.0,23.0,24.0,25.25,24.25,24.5,23.75,24.5,23.75,23.5,24.0,24.5,
1630762190.327879,24.0,24.5,24.0,23.75,23.5,24.0,23.0,22.75,23.75,23.75,23.25,23.5,23.25,23.5,22.75,23.0,24.25,24.0,23.25,22.75,23.0,23.0,23.25,23.75,24.5,24.25,23.5,23.25,23.5,23.25,23.5,24.25,23.25,23.0,22.5,23.0,23.0,23.0,24.0,23.25,23.75,23.75,23.0,23.5,23.75,23.5,23.25,24.25,24.25,24.5,24.25,24.0,24.25,23.0,23.5,24.75,24.75,25.0,24.25,24.0,24.25,23.5,24.0,25.25,
1630762190.510915,24.25,24.25,24.5,24.0,24.0,23.5,22.75,23.25,24.0,24.0,23.75,23.75,24.0,23.75,22.75,22.75,24.5,24.0,23.25,23.0,23.5,22.75,23.25,23.25,24.75,24.5,24.0,23.5,23.5,23.5,23.5,23.75,23.5,23.5,23.25,23.0,23.25,23.5,23.5,23.25,23.5,24.0,23.75,23.5,23.5,23.25,23.25,24.5,24.25,24.5,23.75,24.0,24.0,23.0,23.5,24.25,24.5,25.25,24.75,24.5,24.25,24.0,23.25,24.5,
1630762190.688642,24.25,24.5,24.0,24.0,23.75,24.25,23.25,23.5,23.75,24.5,24.0,23.5,23.5,23.5,23.25,23.25,25.0,24.25,22.75,22.75,23.25,23.25,23.5,24.0,25.75,24.5,23.75,23.5,23.75,23.75,23.5,24.0,23.75,23.0,22.75,23.25,23.25,23.5,23.5,23.75,23.5,23.5,23.5,23.5,23.5,23.0,22.75,23.75,24.0,24.5,23.25,23.75,23.5,23.25,22.75,23.0,24.5,24.5,23.5,24.25,24.0,23.25,23.5,24.25,
1630762190.8766148,24.25,24.5,24.25,23.75,24.0,24.0,23.25,23.0,24.0,24.0,23.75,23.5,24.0,23.5,22.75,22.75,24.75,23.75,23.0,23.0,23.25,23.0,23.0,23.5,26.25,25.0,23.25,23.75,23.5,23.5,23.5,24.0,23.25,23.5,23.0,22.75,23.25,23.0,23.5,23.75,24.5,23.75,24.0,23.5,24.0,23.0,23.25,23.75,23.75,24.75,24.0,23.75,23.75,23.0,23.5,23.75,24.5,25.0,24.0,24.5,24.0,23.75,23.75,24.75,
1630762191.0556748,24.0,24.25,23.75,23.75,24.0,24.0,23.5,23.5,24.25,24.0,24.0,23.75,23.75,23.25,22.5,23.5,25.5,24.25,23.0,23.0,23.5,22.75,23.5,23.5,27.5,25.25,23.75,23.25,23.25,23.5,23.75,24.0,23.75,23.25,23.0,23.25,23.25,23.25,23.5,24.0,24.0,24.0,23.75,23.5,23.75,23.5,23.25,24.0,25.0,25.0,24.0,23.75,24.0,23.0,23.5,23.5,24.25,24.5,24.25,24.75,24.5,23.75,23.25,25.0,
1630762191.2307,24.0,24.0,24.0,23.25,23.5,23.75,22.75,23.0,24.25,23.75,24.0,23.75,23.75,23.5,22.75,22.75,24.5,24.25,22.5,22.5,23.0,23.0,23.5,23.25,26.75,25.25,23.5,23.0,23.5,23.25,23.5,23.25,24.0,23.25,23.0,23.0,23.25,23.5,23.75,23.0,23.5,23.75,24.0,23.25,23.0,23.25,23.0,23.75,24.5,24.25,23.5,23.5,23.5,23.25,23.25,23.25,24.75,24.75,24.0,24.25,25.0,23.75,23.25,25.0,
1630762191.4130418,24.5,24.75,24.0,23.25,23.75,24.0,23.0,23.75,24.25,24.25,23.75,23.75,24.25,23.25,23.0,22.75,25.25,23.75,22.75,23.0,23.0,23.0,23.25,23.75,27.25,25.5,23.75,23.5,23.0,23.0,23.25,23.5,24.0,23.5,23.0,22.75,23.0,23.5,23.75,23.5,24.25,23.5,23.5,23.5,23.5,23.5,23.5,24.25,24.0,24.75,24.0,24.0,24.0,23.25,23.25,23.25,24.5,24.75,24.0,23.5,24.25,23.0,23.25,23.75,
1630762191.592206,24.25,24.75,24.5,23.75,23.75,23.75,23.5,23.5,24.25,23.75,23.75,23.75,23.5,23.5,23.25,23.5,25.0,24.0,22.75,23.0,23.5,23.0,23.25,23.25,27.25,25.25,23.5,23.5,23.25,23.75,23.75,23.75,24.0,23.5,23.0,23.0,23.5,23.0,24.0,23.25,24.0,23.75,23.75,23.5,23.25,23.25,23.5,23.75,24.5,24.75,24.0,24.0,24.0,23.25,23.25,23.5,25.0,24.5,24.0,24.25,24.25,23.5,23.5,24.25,
1630762191.771351,23.5,24.0,24.25,23.25,23.75,23.5,22.75,23.0,23.75,23.75,23.25,23.75,24.0,23.75,22.75,22.75,25.0,24.25,22.25,23.25,23.25,23.0,23.25,24.0,27.0,25.75,23.75,23.25,23.5,23.25,23.25,23.75,24.5,23.25,23.75,22.75,23.25,23.0,23.75,23.5,24.0,23.75,23.5,23.25,23.5,23.75,23.0,24.25,24.75,24.75,23.75,24.25,23.75,23.0,23.75,24.25,24.75,24.25,24.25,24.25,24.75,23.0,23.5,24.0,
1630762191.953304,24.0,24.0,24.0,23.5,23.75,24.0,23.0,23.25,23.5,24.5,24.25,23.75,24.0,23.25,22.75,23.0,25.0,24.0,22.75,23.25,23.5,23.0,23.0,24.0,27.0,25.75,24.0,23.25,23.25,23.25,23.75,23.75,24.25,23.5,23.0,22.75,23.25,23.0,24.0,23.25,24.0,24.0,23.75,23.75,23.75,23.5,23.5,24.0,25.25,24.5,24.0,24.0,24.0,23.0,23.25,24.25,25.0,25.25,24.75,24.75,24.25,23.5,23.75,24.75,
1630762192.135267,24.5,24.5,24.0,23.75,23.75,24.0,22.75,23.25,24.25,23.75,23.75,23.25,24.0,23.5,23.0,23.25,25.25,24.25,23.0,23.25,23.0,23.25,23.25,24.0,27.75,26.75,24.5,23.25,23.5,23.75,23.75,23.25,25.5,23.5,23.0,23.0,23.25,23.25,23.25,23.75,24.0,23.75,23.75,23.25,23.5,23.5,23.5,24.0,24.75,24.5,23.5,23.5,24.5,22.75,23.0,23.5,24.75,24.25,24.25,24.0,24.25,23.5,23.0,24.0,
1630762192.313196,25.0,24.5,24.0,24.5,23.75,23.5,23.25,23.25,24.75,24.25,24.25,24.0,23.75,23.75,23.25,23.25,26.0,24.25,23.0,23.25,23.0,22.75,23.0,23.25,28.5,26.5,24.75,23.5,23.5,24.0,23.5,23.5,26.25,24.0,23.0,23.25,23.0,23.25,24.0,23.75,24.0,24.5,23.75,23.75,23.75,23.75,22.75,24.0,24.5,25.0,24.0,24.25,24.0,23.25,23.25,24.0,24.75,25.0,24.25,24.0,24.25,23.5,23.0,24.0,
1630762192.49399,24.0,24.75,23.75,23.75,23.75,24.0,23.5,23.75,24.75,24.5,24.0,23.75,24.0,23.75,23.25,23.5,26.0,25.0,23.5,23.0,23.25,23.0,23.0,23.5,28.5,27.0,24.5,23.25,23.25,23.25,23.25,23.5,26.25,25.0,23.25,23.25,23.25,23.25,24.0,24.0,24.25,24.25,23.75,23.5,23.25,23.75,23.0,23.75,24.5,24.75,24.0,24.0,24.0,23.25,23.75,24.0,25.75,25.0,24.5,24.25,24.75,24.0,24.0,23.75,
1630762192.673066,24.25,24.5,24.25,23.75,24.0,24.0,23.75,22.75,24.25,24.25,23.5,23.5,23.75,23.25,22.75,23.5,26.0,25.75,23.25,22.75,23.0,22.75,23.25,23.5,28.25,27.5,25.25,23.5,23.25,23.5,23.0,23.5,26.25,26.0,23.0,23.0,22.75,23.0,23.5,23.0,24.25,24.75,23.25,23.5,23.5,23.25,22.75,24.0,24.25,24.5,23.75,24.0,24.0,23.0,23.25,23.25,24.75,24.75,23.75,23.75,24.25,23.0,23.25,23.5,
1630762192.852364,23.75,24.5,23.75,23.25,24.25,24.0,23.25,23.0,24.75,24.0,23.5,23.75,23.75,23.5,23.0,23.5,26.0,26.25,23.75,23.0,23.25,23.5,23.25,24.0,28.25,27.5,25.5,23.25,23.5,23.5,23.5,23.75,26.5,25.5,23.5,23.25,22.75,23.25,23.25,23.5,24.25,24.0,23.75,24.0,23.5,23.5,23.5,23.75,25.5,24.75,24.0,24.25,23.75,23.25,23.5,24.0,24.75,24.75,24.5,24.5,24.5,23.5,23.5,24.25,
1630762193.033372,24.5,24.25,24.25,23.5,24.0,24.25,23.75,23.25,25.5,25.0,23.75,24.0,24.25,23.75,23.5,23.75,26.25,26.25,23.5,23.0,23.25,23.5,23.75,24.25,28.75,27.5,25.0,23.5,23.5,23.5,23.75,23.75,26.5,25.5,23.5,23.5,23.25,23.0,24.0,23.5,24.25,24.25,24.0,23.75,23.75,23.75,23.5,23.75,24.5,24.75,24.0,24.25,23.5,23.0,23.25,23.5,24.75,25.0,23.75,24.5,24.25,24.0,23.5,24.0,
1630762193.214807,24.25,24.25,24.5,23.75,23.5,23.75,22.75,23.0,25.5,24.5,23.75,23.5,23.75,23.25,22.5,23.25,26.5,26.0,23.0,23.0,23.25,22.5,23.5,23.5,28.0,27.5,25.5,23.0,22.75,23.5,23.0,23.25,26.25,25.5,23.0,22.5,22.75,23.25,23.5,23.0,24.0,23.75,23.25,23.5,23.5,23.5,23.5,23.25,24.25,25.25,23.75,23.75,24.0,23.25,23.25,24.25,24.5,25.0,24.25,24.75,24.5,23.25,23.5,24.25,
1630762193.3918421,24.25,24.5,24.0,23.5,23.75,24.0,22.5,23.25,25.5,24.75,23.5,23.75,23.75,24.0,23.25,23.0,26.25,26.25,23.0,23.0,22.75,23.0,23.0,23.25,28.5,28.0,25.25,23.25,23.5,23.5,23.0,23.75,26.25,26.0,23.25,23.0,22.75,23.25,23.5,24.5,24.5,23.75,23.5,23.25,23.5,23.25,23.25,23.75,24.75,24.75,24.5,24.25,23.75,23.5,23.75,23.75,24.75,25.25,24.5,24.5,24.75,23.0,23.5,25.0,
1630762193.585093,24.25,24.75,24.25,24.0,23.75,23.75,23.0,23.25,26.25,24.75,23.5,24.25,23.75,23.25,23.0,23.25,27.0,26.25,23.5,23.25,22.75,23.25,23.25,23.5,28.25,27.5,25.5,23.25,23.5,23.25,23.25,23.5,26.5,25.0,23.0,22.75,23.0,23.5,23.25,23.75,24.5,23.75,23.75,23.5,23.5,23.25,23.5,24.0,24.75,24.5,24.25,23.75,24.75,23.25,23.0,23.75,24.75,25.0,24.0,24.5,24.25,23.25,23.0,24.0,
1630762193.759912,24.25,25.0,24.25,24.0,23.75,24.0,23.25,23.25,26.25,25.25,24.0,23.5,23.75,23.75,23.25,23.0,27.25,26.0,23.0,23.25,23.0,23.0,23.0,24.0,28.0,27.5,25.5,23.5,23.25,23.25,23.75,23.75,26.0,25.0,23.5,23.25,23.25,22.75,24.0,24.0,24.25,24.0,23.75,23.75,23.5,23.25,23.0,23.75,24.5,24.5,23.75,24.0,24.0,23.5,23.25,24.25,24.5,24.75,24.0,24.25,25.0,23.5,24.0,24.75,
1630762193.945149,24.5,25.0,23.75,23.75,23.0,23.75,22.75,23.0,26.5,25.25,24.5,24.0,24.0,23.25,22.75,23.0,27.5,26.5,22.75,23.25,23.0,23.0,23.0,23.5,28.0,28.25,26.0,23.75,23.25,23.0,23.5,23.5,26.5,25.25,23.5,23.0,23.0,23.25,24.0,23.25,24.5,24.0,23.75,23.5,23.75,23.25,23.25,25.0,24.5,25.25,23.75,23.5,24.0,23.25,23.5,23.75,25.25,24.5,24.5,24.0,24.0,23.25,23.25,23.75,
1630762194.12264,24.5,25.0,24.0,23.75,23.75,24.0,23.0,22.75,26.5,25.5,23.75,24.0,23.5,23.25,23.25,23.25,27.75,27.0,23.5,22.75,23.0,23.0,22.75,23.75,28.25,27.5,26.25,24.0,23.5,23.5,23.5,23.5,26.75,26.0,23.5,23.25,23.0,23.0,23.25,23.5,24.0,24.0,23.0,23.25,23.5,23.25,23.25,23.5,25.0,24.5,23.75,23.75,24.0,23.0,23.0,23.0,25.0,24.75,24.25,24.5,24.0,23.5,23.5,23.75,
1630762194.299235,24.75,24.75,24.5,23.5,23.75,24.0,22.75,23.0,26.75,25.25,24.0,23.75,23.5,23.25,23.0,23.0,29.0,27.0,23.5,23.75,23.75,23.0,23.0,23.5,28.5,28.5,26.5,24.25,23.25,23.25,23.0,23.5,27.25,26.25,25.25,23.25,23.0,23.0,23.75,23.0,24.75,24.5,23.75,23.25,23.25,23.75,23.5,23.75,24.5,25.25,24.25,24.0,24.25,22.75,23.25,24.0,25.0,25.0,24.5,24.25,24.5,23.5,23.5,24.25,
1630762194.47717,24.5,24.5,23.5,23.75,24.0,24.0,23.5,23.25,27.0,25.75,24.0,24.0,24.0,23.5,23.25,23.25,27.75,27.0,24.5,23.0,23.0,22.75,23.25,23.5,29.5,29.0,26.75,24.5,23.25,23.25,23.25,23.5,27.5,26.5,25.25,23.25,23.0,23.0,24.0,23.5,25.75,25.75,24.0,23.5,23.5,23.25,23.0,24.0,25.0,25.0,24.25,24.25,24.0,23.25,23.25,23.25,24.0,24.5,24.5,24.25,24.25,23.5,23.75,24.5,
1630762194.657869,24.0,24.75,23.75,23.25,23.25,23.75,23.0,23.5,26.25,25.25,23.75,23.25,23.5,23.0,23.0,23.0,27.0,27.25,25.0,23.0,23.0,22.75,23.0,22.75,28.0,29.5,27.5,24.25,23.5,22.75,23.0,23.5,27.5,27.5,25.75,23.25,23.25,23.0,23.75,23.0,26.0,25.25,24.25,23.25,23.0,23.0,23.0,23.5,24.75,24.5,24.0,23.5,24.0,23.0,23.5,24.0,24.75,25.0,24.5,24.25,24.25,23.5,23.25,24.0,
1630762194.837743,24.5,24.75,24.0,23.75,24.0,23.5,23.0,23.25,26.5,26.0,24.0,24.0,23.5,23.75,23.0,23.25,26.75,27.25,25.5,23.25,23.25,22.75,23.5,23.75,28.0,29.75,28.0,25.75,23.5,23.5,23.5,23.75,27.5,27.25,26.0,23.75,22.75,23.25,23.5,23.25,26.0,25.75,24.25,23.5,23.25,23.75,22.75,23.75,25.0,25.0,24.25,23.75,23.75,22.75,23.5,23.5,24.25,25.0,24.25,24.25,24.25,23.5,23.5,24.5,
1630762195.01618,24.25,25.25,24.25,24.5,23.75,24.0,23.25,23.25,26.25,26.25,24.5,23.5,23.75,23.5,23.0,23.0,27.0,27.5,25.75,23.0,23.0,23.0,23.5,24.25,28.0,29.75,28.0,25.75,23.5,23.25,23.5,24.0,27.75,27.75,26.25,23.5,23.0,22.75,23.5,23.25,25.5,25.5,24.25,23.25,23.25,23.25,23.5,23.75,24.75,24.5,23.75,24.0,23.5,22.75,23.5,23.75,25.0,24.75,24.25,24.25,24.25,23.75,23.0,24.5,
1630762195.202501,24.0,25.0,24.5,23.5,23.75,24.25,23.25,23.5,27.0,27.0,25.25,24.5,24.0,23.25,22.75,23.0,27.5,27.75,26.0,23.75,23.25,22.75,23.75,23.5,28.25,29.0,28.25,25.75,23.5,23.5,23.5,23.75,27.25,27.0,25.75,23.5,23.0,23.0,23.25,23.75,25.0,25.25,24.0,23.5,23.5,23.5,23.25,23.5,25.0,24.5,24.0,23.75,23.75,23.25,23.0,23.25,24.0,25.5,24.25,24.0,24.0,23.5,23.75,24.25,
1630762195.3824792,25.0,25.0,24.5,24.0,23.75,23.5,23.0,23.25,27.0,26.75,25.5,23.75,23.75,23.25,23.0,22.75,27.25,28.0,26.25,24.0,23.25,22.75,23.25,23.75,27.5,29.0,28.0,25.5,23.25,23.5,23.25,24.0,27.0,26.75,25.5,23.75,23.0,22.75,23.5,23.25,24.25,24.75,23.75,23.75,23.5,23.5,23.25,23.75,24.75,24.75,24.0,23.75,24.0,23.25,23.75,24.0,24.75,24.5,24.5,24.5,24.5,23.5,23.5,24.5,
1630762195.562509,25.0,26.0,24.25,23.25,23.5,23.75,23.0,23.5,27.75,26.75,25.5,24.0,23.75,23.5,22.75,23.25,27.5,28.5,27.0,24.0,23.0,23.0,23.25,23.75,27.5,28.75,27.5,25.25,23.25,23.0,23.5,22.75,26.25,27.0,25.5,23.25,23.0,23.25,23.25,23.5,24.0,24.0,23.75,23.75,23.25,23.0,22.75,23.0,23.75,24.75,23.75,24.0,23.5,22.75,23.5,24.0,24.75,24.0,24.25,24.0,24.5,23.0,23.5,24.0,
1630762195.740851,25.75,25.75,24.75,24.0,24.0,23.75,23.25,23.5,27.75,27.0,25.5,24.25,24.0,23.0,22.75,23.5,27.25,27.75,27.5,24.0,23.5,23.0,23.5,23.75,27.25,28.75,27.25,25.5,23.5,23.5,23.25,23.5,26.0,27.0,26.0,23.5,23.25,22.75,23.5,23.0,24.0,24.25,24.0,23.5,23.5,23.25,23.25,24.0,24.25,24.5,24.0,24.25,24.0,22.75,23.75,23.5,24.5,24.5,24.5,24.0,24.0,23.5,23.25,24.25,
1630762195.921132,25.75,25.75,24.5,23.5,23.75,24.25,23.5,23.25,28.0,27.5,25.75,24.0,24.0,23.5,22.75,23.0,27.75,28.0,27.5,24.0,23.75,22.75,23.25,23.5,27.75,28.25,27.75,25.75,23.25,23.25,23.5,23.75,26.25,27.25,26.5,24.25,23.25,23.0,23.75,23.5,24.0,24.5,24.25,23.5,24.0,23.25,23.0,24.0,24.75,25.25,24.25,24.25,24.0,23.0,23.5,23.5,24.5,24.75,24.25,24.0,24.5,23.75,24.0,24.5,
1630762196.0977879,24.75,25.75,24.5,23.75,24.0,23.5,23.5,23.25,27.25,27.5,26.5,24.5,24.25,23.25,23.0,22.5,27.5,27.5,26.5,25.5,23.0,22.75,23.25,23.5,26.75,27.75,27.0,26.5,23.5,23.25,23.25,23.5,24.5,27.75,26.75,24.75,23.5,23.25,23.5,23.5,23.5,24.75,24.75,24.0,23.25,23.25,23.0,23.5,24.5,24.5,23.5,24.0,23.5,22.75,23.5,23.75,24.25,24.5,24.25,24.0,23.75,23.0,22.75,24.25,
1630762196.274575,24.75,25.25,25.0,24.25,24.25,23.75,23.25,23.25,25.0,26.75,27.0,25.25,24.5,23.75,22.75,23.5,25.25,27.75,27.5,27.25,24.5,23.25,23.5,24.0,26.0,27.25,27.75,27.25,24.75,23.75,23.75,24.0,24.0,26.5,27.0,26.25,24.25,23.5,23.5,23.25,23.5,25.25,26.5,24.75,23.5,23.5,23.25,23.5,24.75,25.0,24.25,23.75,24.25,23.25,23.25,24.0,25.0,25.25,24.25,24.5,24.5,23.25,23.25,24.25,
1630762196.4545012,24.0,25.0,25.0,24.5,24.0,24.5,23.5,23.5,24.5,24.5,26.5,26.0,24.75,23.5,23.5,24.0,23.5,26.0,27.25,27.0,27.0,24.5,23.5,23.75,24.25,25.75,27.75,27.25,28.0,25.5,23.75,23.5,24.0,24.75,27.25,27.5,27.75,24.75,23.75,23.75,24.0,25.0,27.25,27.0,25.25,24.25,23.25,23.75,24.75,25.25,24.75,25.0,24.25,23.0,24.0,24.25,25.0,25.0,25.0,25.0,24.75,23.75,23.75,24.25,
1630762196.638609,24.0,24.5,24.5,23.75,24.25,23.75,23.25,23.0,23.75,24.25,25.75,25.75,25.0,24.0,23.0,23.25,23.25,24.5,27.0,27.25,27.25,25.0,23.75,24.25,24.0,24.5,27.5,28.5,27.75,27.5,24.75,24.25,23.25,24.25,26.75,27.5,27.5,26.75,24.5,24.0,24.25,24.75,27.0,27.25,27.75,25.25,23.5,24.5,25.0,25.25,24.75,25.0,25.0,23.25,23.75,24.25,24.25,25.5,25.0,25.25,24.5,24.25,24.0,24.75,
1630762196.8139389,24.0,24.5,24.0,23.75,24.25,24.25,23.0,23.25,23.75,24.5,25.0,27.0,25.25,23.75,23.25,23.25,23.5,24.5,26.25,27.5,27.25,26.25,23.75,23.5,23.5,24.0,27.25,28.75,27.75,28.25,25.0,24.0,23.5,24.25,26.75,27.75,27.25,27.25,26.0,24.75,23.75,24.75,26.5,27.75,27.75,26.0,24.0,24.5,25.0,24.5,25.0,25.25,25.0,24.0,24.25,24.75,24.25,25.0,24.75,25.0,25.25,24.0,23.5,25.25,
1630762196.9932091,24.25,24.25,24.5,24.5,24.25,24.5,23.5,23.5,23.5,24.5,25.0,27.0,25.5,24.5,23.75,24.0,23.5,24.5,26.0,27.75,28.0,27.25,24.75,24.5,23.75,24.25,26.5,28.0,28.25,28.0,26.25,24.75,23.5,24.0,26.75,27.75,27.25,28.0,25.5,24.5,24.5,24.0,26.5,27.5,27.0,25.5,24.0,24.0,25.0,24.75,24.75,25.0,24.5,23.75,23.75,24.0,24.5,24.75,23.75,24.5,25.0,23.5,23.5,24.75,
1630762197.171565,24.25,25.25,25.0,24.5,25.25,25.0,23.25,24.0,23.75,24.75,24.75,27.5,26.25,25.25,24.25,24.0,23.5,24.25,25.75,28.25,28.25,27.5,26.25,24.5,24.0,24.5,26.5,27.75,28.0,27.75,27.0,24.75,23.5,23.75,26.0,27.75,28.25,28.0,26.0,24.75,24.25,24.5,26.25,27.5,26.0,25.25,24.25,24.25,25.0,25.0,24.25,24.75,25.0,23.5,23.5,24.5,24.75,25.25,24.5,25.25,24.75,23.5,24.0,24.75,
1630762197.355411,24.0,24.25,24.5,24.75,24.5,24.5,24.0,23.75,23.75,24.25,24.75,28.0,27.25,26.25,24.25,24.0,23.5,24.0,25.25,27.75,28.5,27.75,27.25,25.0,24.25,24.5,26.75,27.25,28.25,27.75,27.25,25.25,23.5,23.75,26.0,27.75,28.0,27.75,26.5,24.25,24.0,24.25,25.5,27.5,25.75,24.5,24.25,24.5,24.75,24.25,24.25,24.75,24.25,23.75,24.0,24.0,24.75,25.0,24.5,24.75,24.75,24.0,23.75,25.0,
1630762197.532536,24.25,24.75,24.5,24.5,25.0,24.75,23.25,23.0,23.5,24.0,24.5,27.75,27.5,26.75,25.25,24.0,23.5,24.0,24.75,27.25,28.0,27.75,27.75,25.5,23.75,23.75,25.75,28.0,28.0,28.25,27.5,25.75,23.25,23.25,25.25,28.0,27.5,27.25,26.5,24.25,24.0,24.0,24.5,26.25,25.5,24.0,24.5,24.5,24.25,24.5,24.25,24.75,24.0,22.75,23.75,23.75,24.0,24.25,24.25,24.75,24.75,23.5,23.25,25.0,
1630762197.711841,23.75,24.25,24.75,24.25,25.0,25.0,23.75,23.5,24.0,24.5,24.25,27.0,27.75,27.5,27.0,24.5,23.5,23.75,23.75,28.0,27.5,28.5,28.0,27.5,24.0,24.0,24.5,28.25,27.75,28.75,28.0,27.5,23.5,23.5,24.5,27.5,28.0,27.5,27.5,25.25,23.5,24.25,24.25,26.5,26.75,24.5,24.5,24.75,25.25,24.75,24.5,25.0,25.0,23.75,24.25,24.25,24.5,24.5,24.0,24.5,25.25,24.0,24.25,24.5,
1630762197.8937101,24.25,24.75,24.5,24.25,24.75,25.5,24.25,24.25,24.0,24.25,24.25,26.25,28.5,26.75,26.5,25.25,22.75,23.75,23.5,27.5,28.0,28.25,28.0,28.5,23.75,23.75,23.75,25.75,29.0,28.25,28.5,28.25,23.5,23.25,23.5,26.0,28.5,28.0,28.0,27.0,23.5,23.75,24.0,24.75,27.0,25.75,24.75,24.5,24.5,24.75,24.0,24.25,24.75,23.5,24.25,24.75,25.0,24.5,25.0,25.0,25.5,24.0,24.5,24.75,
1630762198.0701492,23.75,24.5,24.0,24.25,24.75,25.25,24.0,24.25,24.0,23.75,24.0,24.25,27.25,27.0,25.5,25.0,23.0,23.5,22.75,24.25,28.25,28.25,28.25,28.75,23.75,23.75,23.75,25.25,28.25,28.25,28.0,28.5,23.0,23.25,23.25,24.5,27.5,28.75,28.25,28.5,23.75,23.75,24.25,23.75,26.0,27.5,25.75,26.0,24.5,24.75,24.25,24.25,25.0,24.25,24.5,25.0,24.5,25.0,24.25,24.75,25.25,24.25,23.75,24.75,
1630762198.249502,24.0,24.25,24.25,24.25,24.5,25.5,24.5,23.5,24.0,24.25,24.0,24.0,25.25,27.25,25.25,25.0,23.75,23.75,23.0,23.75,26.5,28.75,28.0,27.75,23.5,23.5,23.75,24.25,27.25,28.5,28.5,28.75,23.5,23.25,23.0,23.5,27.0,28.25,29.0,28.25,23.5,24.0,24.0,23.75,25.75,27.5,27.25,26.0,24.5,24.5,24.0,24.5,24.25,24.5,25.0,24.75,24.75,24.75,24.0,24.5,24.75,24.25,24.25,25.75,
1630762198.429445,24.25,24.5,24.25,24.0,24.25,25.0,24.75,23.75,23.75,24.25,24.0,23.75,24.5,26.0,25.25,24.0,23.25,23.75,23.5,23.5,24.75,28.25,28.75,27.0,24.0,24.0,23.5,23.5,26.5,28.0,29.25,29.0,23.25,23.25,23.25,23.25,25.5,28.0,29.0,28.5,23.75,24.0,23.75,23.5,24.75,27.25,27.75,26.25,24.25,24.5,24.25,24.0,24.5,24.75,24.5,25.5,24.75,25.5,24.0,24.25,24.5,24.0,24.0,25.5,
1630762198.6150668,23.25,24.0,24.0,24.0,24.25,25.25,24.0,24.0,23.75,24.0,24.0,24.0,24.25,25.25,26.25,24.0,23.75,23.75,23.0,23.5,24.25,27.5,28.75,27.0,24.0,23.75,23.5,23.75,25.75,28.0,28.75,28.25,23.5,23.25,23.25,23.25,25.25,28.0,29.0,28.25,23.75,24.0,23.25,23.5,23.75,26.5,28.0,25.5,25.25,24.5,24.0,24.25,24.75,24.25,24.25,24.75,24.75,25.0,24.5,24.75,24.75,23.75,24.25,25.25,
1630762198.795514,23.75,24.5,23.75,23.75,24.25,24.75,24.0,24.25,23.0,24.25,23.75,24.0,24.5,25.25,26.75,24.75,23.5,23.75,23.5,23.25,24.0,27.5,28.75,27.5,24.25,23.75,24.0,23.5,25.5,27.5,28.5,29.25,23.25,23.5,23.0,23.25,24.75,27.75,28.5,28.0,23.75,23.75,23.5,23.75,24.25,25.75,27.25,25.5,24.5,24.75,23.75,24.25,24.25,23.5,24.5,24.75,24.5,25.0,24.0,24.0,24.75,24.25,24.75,24.0,
1630762198.978766,24.0,24.25,24.0,23.5,24.0,25.0,24.25,23.75,23.25,23.5,23.5,24.0,24.5,25.25,27.0,26.0,23.25,23.25,22.5,22.75,24.0,27.25,29.25,28.5,23.25,23.5,24.0,23.75,24.5,27.75,28.5,29.25,22.5,23.0,22.75,23.0,23.75,26.75,28.0,27.5,23.75,23.75,23.75,23.5,24.0,25.0,26.25,25.25,24.25,24.5,24.0,23.75,24.0,23.75,24.0,24.0,24.0,24.5,24.5,24.5,24.5,23.75,24.0,24.5,
1630762199.158328,24.0,24.25,24.5,24.0,24.5,25.0,24.75,24.25,23.75,24.5,24.0,24.5,24.75,25.25,27.75,25.5,23.75,23.75,23.0,23.0,24.5,27.25,28.75,29.25,23.75,23.5,23.25,23.75,25.0,27.5,28.25,29.75,23.5,22.75,23.25,23.25,23.75,26.5,28.0,27.25,23.5,23.75,23.75,23.5,23.75,24.5,26.0,25.5,24.75,24.25,23.25,24.0,24.25,23.5,24.0,23.5,24.25,24.25,24.25,24.75,24.75,24.0,23.75,24.75,
1630762199.3352141,23.75,24.0,24.0,24.0,24.25,24.5,24.5,24.5,24.25,23.75,24.0,23.75,24.5,25.0,27.75,26.5,23.0,23.5,23.25,23.25,24.25,27.25,28.5,29.25,23.5,23.75,23.75,23.75,24.5,27.0,28.25,29.5,23.0,23.5,23.25,23.5,24.0,25.0,27.5,27.5,23.75,23.75,24.0,23.75,24.0,23.75,25.25,25.5,24.75,24.5,23.75,24.25,23.75,23.75,24.0,24.25,24.0,24.75,24.25,24.5,24.5,23.5,23.5,25.0,
1630762199.523979,24.0,24.25,24.0,24.0,23.75,24.75,23.75,24.25,23.5,23.75,24.0,23.5,24.0,24.0,26.25,27.5,23.25,24.0,22.75,23.0,23.75,25.5,27.75,29.0,23.75,23.0,23.5,23.5,24.25,26.5,27.5,28.25,22.75,23.25,23.25,23.25,23.0,24.25,27.5,28.25,23.25,23.75,23.5,23.25,24.0,23.5,24.25,25.5,24.5,24.0,23.75,24.25,24.25,23.25,23.75,24.0,24.5,24.5,23.75,24.5,24.75,23.25,23.5,24.75,
1630762199.693569,23.25,24.5,24.25,24.0,23.75,24.5,23.5,24.0,23.5,23.75,24.0,23.75,24.5,23.75,24.75,26.75,23.5,23.75,23.0,23.0,23.5,23.75,26.5,28.5,23.75,23.5,23.5,23.75,24.5,26.0,27.25,28.75,23.5,23.0,23.25,23.0,23.25,23.25,26.25,27.5,24.0,23.25,23.75,23.75,23.5,23.75,23.75,25.5,24.75,24.75,23.75,24.0,24.25,23.0,24.0,24.5,25.0,25.0,24.25,24.5,24.75,24.0,24.25,24.75,
1630762199.8773382,23.75,24.25,24.0,23.5,23.75,24.0,23.0,23.25,23.5,24.0,24.0,23.75,23.75,23.25,23.25,24.25,23.25,23.25,22.75,22.5,23.75,23.5,24.5,27.0,23.75,23.25,23.25,23.25,23.75,25.5,26.5,28.25,23.25,23.25,23.25,23.0,23.0,23.25,24.0,26.5,23.75,23.5,23.5,23.0,23.75,23.25,23.75,24.0,24.75,24.5,24.0,24.0,24.0,23.0,23.5,24.0,25.0,24.5,24.0,24.25,24.5,23.5,23.75,24.25,
1630762200.055475,23.25,24.5,23.75,23.75,24.0,24.5,23.0,23.5,23.5,23.75,24.0,23.5,24.25,23.5,23.0,24.25,23.75,23.5,22.75,23.25,23.25,23.0,23.5,24.75,23.5,23.75,23.25,23.25,23.5,23.75,25.5,27.0,23.25,23.5,23.0,22.75,23.0,23.5,24.25,25.0,24.0,23.5,23.5,23.25,23.75,23.25,23.5,24.5,24.0,24.25,23.75,23.75,24.0,23.25,23.0,23.75,24.5,24.25,24.25,24.25,24.5,23.75,23.75,24.5,
1630762200.2415092,23.75,24.25,24.0,23.5,24.0,23.5,23.25,23.5,23.5,23.75,23.75,23.5,23.75,23.5,23.5,23.0,23.25,23.75,23.25,23.0,23.25,23.25,23.25,24.25,23.75,23.5,23.75,23.5,23.5,23.5,24.0,26.25,23.75,22.5,22.75,23.25,23.5,22.75,24.25,25.0,23.25,23.75,23.75,24.0,23.5,23.75,24.0,24.0,24.5,24.5,24.0,24.5,24.25,23.0,23.5,23.75,24.5,25.0,24.25,23.75,24.5,23.5,23.0,24.5,
1630762200.440135,23.75,24.5,23.75,23.75,24.0,24.75,23.5,23.5,23.5,23.5,23.75,23.75,24.5,23.75,23.25,23.75,23.25,24.0,23.0,22.75,22.75,23.5,23.5,23.75,23.25,23.25,23.5,23.5,23.25,23.5,23.5,25.0,22.75,23.0,23.0,22.75,23.0,22.75,23.75,23.75,24.0,23.25,23.5,23.5,23.5,23.5,23.0,23.75,24.5,24.0,23.75,23.75,24.0,23.25,23.25,23.25,24.25,24.75,23.75,24.5,24.25,23.25,23.5,24.75,
1630762200.601055,23.5,24.5,24.0,23.75,23.75,23.75,23.25,23.25,23.5,23.5,23.75,24.0,23.75,23.0,22.75,22.75,23.25,23.75,22.5,23.25,23.25,23.25,23.25,24.25,23.5,23.25,23.5,23.25,23.5,23.75,23.5,25.25,23.25,23.0,22.75,23.0,23.5,23.0,24.25,24.0,23.75,24.25,23.75,23.5,23.5,24.0,23.25,24.0,24.5,24.5,23.75,23.5,23.75,23.0,23.0,24.0,24.25,24.75,24.5,24.25,24.0,24.0,23.0,24.75,
1630762200.784728,23.5,24.0,23.75,23.75,23.75,23.75,23.0,23.5,23.5,23.75,24.0,23.75,23.75,23.5,23.25,23.0,22.5,23.5,22.75,23.0,23.75,23.25,23.25,24.25,23.5,23.75,23.5,23.25,23.25,23.75,23.5,25.25,23.5,23.0,22.75,23.0,23.0,23.75,23.75,23.75,24.0,23.75,23.75,23.25,23.25,23.25,23.25,24.25,24.25,24.25,23.75,24.25,23.75,23.0,23.25,24.25,24.5,24.25,24.25,24.0,24.5,23.5,23.75,24.0,
1630762200.959957,23.5,24.0,23.5,23.25,23.75,23.75,22.75,22.5,23.5,23.5,24.0,23.5,23.75,23.5,22.75,23.25,23.25,23.5,23.0,22.5,23.25,23.25,23.5,23.75,23.25,23.5,23.0,23.25,23.75,23.25,23.5,24.25,23.25,22.5,22.5,23.0,23.0,22.75,23.5,23.75,23.75,23.5,23.5,23.0,23.25,23.25,23.75,23.5,24.0,24.25,23.5,23.75,23.75,22.5,23.25,23.75,24.25,24.75,24.0,24.5,24.5,23.75,24.0,24.75,
1630762201.149576,23.25,24.0,23.75,24.0,23.75,24.25,23.0,23.25,23.5,23.75,24.0,23.25,24.0,23.5,23.0,23.0,23.25,23.75,22.75,23.0,23.25,22.75,23.0,23.75,23.0,23.25,23.0,23.5,23.5,23.5,23.75,24.75,23.0,23.25,22.75,22.75,23.25,23.5,24.0,23.5,23.75,24.0,23.5,23.5,23.75,23.25,23.25,23.5,24.25,24.75,23.25,24.0,24.25,23.5,23.75,23.0,24.5,24.75,23.75,24.0,24.5,23.5,23.5,24.5,
1630762201.4094982,23.5,24.5,24.25,23.75,24.0,24.25,23.25,22.75,23.5,23.5,23.5,24.0,24.0,23.25,23.25,23.0,23.75,23.75,23.0,23.25,23.0,23.25,23.25,24.0,24.0,23.5,23.5,23.25,23.5,23.5,23.75,24.75,23.25,23.0,22.75,22.5,23.5,23.0,23.5,23.75,23.5,23.75,23.75,23.25,24.0,23.75,23.25,24.25,24.25,25.0,24.0,24.0,24.0,23.25,23.75,24.0,24.25,24.5,24.0,23.75,24.0,23.25,23.75,24.0,
1630762201.67568,23.5,24.0,23.5,24.0,24.0,24.0,23.5,23.0,24.0,24.0,23.5,23.75,24.25,24.0,23.25,23.25,23.5,23.75,23.0,23.25,23.25,23.25,23.5,24.5,23.25,23.5,23.25,23.25,23.25,23.5,23.25,24.75,23.75,23.25,23.5,23.25,23.0,23.5,24.0,23.5,23.75,24.0,23.75,23.5,23.75,23.25,23.25,23.75,24.5,24.75,24.0,23.75,24.0,23.0,23.5,24.0,24.25,24.75,24.5,23.75,24.25,23.5,23.5,23.75,
1630762201.813971,23.75,23.75,24.0,23.5,24.25,24.0,23.25,23.25,23.75,24.0,24.25,24.0,24.0,23.5,23.25,22.75,22.75,23.5,22.75,22.75,23.0,22.75,23.5,24.75,23.5,23.5,23.0,23.5,23.5,23.5,23.75,24.5,23.25,23.25,23.25,23.0,23.25,23.25,24.0,23.5,24.0,24.0,24.0,23.75,24.0,23.25,23.25,24.25,24.5,24.75,23.75,24.0,24.0,23.0,24.0,23.5,24.75,25.25,24.25,24.5,24.5,23.25,23.75,24.25,
1630762201.95166,23.5,24.5,24.25,23.5,24.5,24.0,23.25,23.75,23.5,24.0,23.75,23.75,23.5,23.5,23.25,23.5,23.25,23.5,22.75,23.25,23.25,23.0,23.5,25.25,23.0,23.5,23.5,23.25,23.5,23.25,23.25,23.75,23.25,23.0,23.0,23.0,23.25,23.0,24.25,23.5,23.5,23.5,23.75,23.0,23.25,23.0,23.25,23.75,24.25,24.5,23.75,23.25,24.0,23.25,23.5,23.25,24.0,24.25,24.25,24.25,24.5,23.5,24.0,24.5,
1630762202.06574,23.75,24.0,24.0,23.5,24.0,24.25,23.0,23.5,24.0,23.5,24.0,23.75,23.75,23.5,22.75,23.5,22.5,23.5,22.75,23.0,23.25,23.75,24.0,24.75,23.25,23.25,23.25,23.25,23.75,23.75,24.0,24.25,23.25,23.25,23.0,23.5,23.0,23.5,23.75,23.5,23.75,24.0,23.75,23.75,23.0,23.0,23.5,24.25,24.75,24.0,23.5,23.5,24.0,23.5,23.5,23.5,24.25,25.25,24.0,24.5,24.5,24.0,23.25,24.25,
1630762202.2414951,24.0,24.0,24.0,23.5,24.0,24.0,23.0,23.75,24.0,23.5,24.0,24.0,24.0,23.75,23.25,24.0,23.0,23.75,22.75,23.25,23.5,23.5,23.5,26.75,23.0,23.5,23.0,23.75,23.25,23.75,24.0,25.5,23.0,23.5,23.0,23.25,23.0,23.75,24.0,24.5,24.25,23.25,23.5,23.5,23.5,23.75,23.25,24.0,24.5,24.5,24.0,24.25,24.5,23.0,23.5,24.0,24.5,24.25,24.75,24.25,24.25,23.75,23.5,24.75,
1630762202.4184132,23.75,24.25,23.75,23.75,24.25,24.5,22.75,23.75,23.25,24.0,23.25,23.75,24.0,23.5,23.75,26.0,22.5,23.25,22.5,22.75,23.0,23.25,25.25,26.75,23.75,23.5,23.25,23.25,23.5,23.5,24.5,27.25,22.75,23.5,22.75,23.0,23.0,24.5,24.75,25.0,23.5,23.5,24.0,23.25,23.25,23.25,23.25,24.25,24.5,24.25,24.0,24.25,24.0,22.75,23.5,23.25,24.75,25.0,24.0,24.5,24.75,23.75,23.0,25.0,
1630762202.5949109,24.0,24.25,24.0,23.75,23.75,24.25,24.0,24.0,23.75,23.75,23.5,23.75,24.25,24.0,25.25,25.5,23.0,23.25,22.75,23.25,23.75,24.75,27.0,28.25,23.25,23.5,23.0,23.25,23.5,25.5,28.25,27.5,23.25,23.25,23.25,23.25,23.75,25.5,27.5,28.25,23.5,24.0,23.75,23.5,23.75,24.0,24.75,26.75,24.25,24.5,23.75,24.0,24.0,23.75,24.0,24.5,24.5,24.25,24.25,24.25,24.5,23.25,23.75,24.75,
1630762202.7701602,23.75,24.5,24.0,23.75,24.25,24.75,24.25,23.5,23.75,24.0,24.0,24.0,25.25,25.5,25.25,24.25,23.5,23.5,23.5,25.25,27.0,27.25,27.5,25.25,23.75,24.0,24.0,27.25,28.0,28.0,27.25,25.25,23.25,23.5,23.75,26.75,28.25,28.75,27.75,24.75,23.75,23.75,24.25,25.0,27.25,28.25,26.0,24.5,24.5,24.5,24.25,25.0,25.0,25.0,24.5,24.25,24.75,24.0,24.5,24.75,25.5,24.25,23.75,24.25,
1630762202.9597912,24.0,24.25,24.0,24.0,24.5,24.5,23.5,23.75,25.5,27.25,27.25,26.5,26.5,23.75,23.0,23.0,26.5,28.0,28.0,27.25,27.0,24.25,23.75,23.75,25.75,27.5,27.75,28.25,27.5,24.5,23.75,23.75,24.0,24.25,27.75,28.5,27.0,24.5,24.25,23.25,23.75,24.5,27.0,26.25,24.25,23.25,24.0,24.25,24.75,25.25,24.25,24.5,24.5,23.75,23.25,24.0,25.25,24.5,24.75,24.5,25.0,23.25,24.0,24.0,
1630762203.137952,25.5,25.75,24.5,24.75,24.5,24.25,23.0,23.25,27.75,27.5,27.0,26.0,24.75,23.5,23.0,22.75,27.25,27.5,26.75,23.75,23.25,23.25,23.5,23.75,28.75,28.75,27.5,24.5,23.75,23.5,23.5,24.0,26.5,26.75,25.0,24.5,24.0,23.0,23.25,23.0,24.25,24.0,23.75,23.75,23.75,23.25,23.0,23.75,24.25,24.0,24.5,24.0,24.0,23.75,23.5,24.0,25.0,25.0,24.5,24.5,24.25,23.5,23.25,24.5,
1630762203.318028,25.5,25.75,24.25,23.75,23.75,24.0,23.5,23.5,27.0,27.0,25.0,23.5,24.25,23.5,23.0,23.0,27.25,27.75,25.25,23.25,23.25,23.25,23.5,23.75,28.25,26.75,25.75,23.75,23.5,23.5,23.5,23.75,26.0,23.25,23.0,22.75,23.0,22.75,23.25,23.25,23.75,23.25,23.5,23.0,23.25,23.5,23.0,23.5,24.5,25.0,23.5,23.5,24.0,22.75,23.25,23.5,24.5,23.75,24.0,24.25,24.0,22.75,23.75,23.75,
1630762203.487762,26.0,24.5,24.25,23.25,24.25,24.25,23.25,23.25,26.25,25.25,24.25,23.75,24.25,23.75,23.25,23.5,27.0,26.0,23.25,23.5,23.25,23.25,23.25,23.75,25.75,24.5,24.75,23.0,23.25,23.5,23.25,23.75,23.5,23.0,22.75,23.25,22.75,23.0,23.25,23.75,23.75,24.0,23.5,23.25,23.25,23.5,23.25,23.75,24.75,24.5,24.0,23.75,23.75,23.0,23.5,24.0,24.25,24.75,23.75,24.25,24.25,23.25,23.0,24.25,
1630762203.670194,24.75,24.0,24.0,23.25,23.75,24.5,22.75,23.25,25.75,24.0,23.5,23.75,23.5,23.25,22.75,23.0,25.75,24.5,22.75,23.0,23.0,23.25,23.5,23.5,23.25,23.5,23.5,23.25,23.25,23.25,23.5,23.75,22.5,22.75,22.5,22.75,23.0,23.0,23.75,23.0,23.5,23.75,23.25,23.25,23.25,23.5,23.0,23.5,24.5,24.0,23.5,23.75,24.0,23.0,23.25,22.75,24.5,24.25,24.0,24.5,24.0,24.0,24.0,23.5,
1630762203.847766,24.75,23.0,23.75,22.75,23.5,23.75,22.75,23.0,25.0,23.5,23.75,23.25,23.75,23.0,22.5,22.5,24.0,23.5,22.25,22.75,22.75,22.75,23.0,23.5,22.75,23.25,22.75,22.75,23.0,23.25,23.0,23.25,23.25,22.75,22.5,22.5,22.75,22.75,23.25,23.0,23.5,23.25,23.0,23.25,23.25,22.75,22.5,23.75,24.5,24.5,23.75,23.5,23.5,22.75,23.5,23.0,23.5,23.75,23.5,23.75,23.75,23.0,23.25,24.25,
1630762204.03138,24.0,24.25,24.0,23.25,23.5,24.0,23.0,23.0,24.0,23.5,23.5,23.25,24.25,23.25,23.0,23.0,24.0,23.5,22.5,22.75,23.0,22.75,23.25,23.5,24.25,23.25,23.25,23.25,23.25,23.25,23.0,23.5,23.0,22.5,23.0,22.75,23.0,22.75,23.5,23.0,23.5,23.5,23.25,23.0,23.25,23.0,23.25,23.75,23.75,24.0,24.0,23.75,23.75,22.75,23.0,23.0,24.0,24.5,24.0,24.5,24.0,24.25,23.25,24.0,
1630762204.214828,25.25,24.25,24.0,22.75,23.75,23.75,22.75,23.25,23.75,23.75,23.75,23.5,23.5,23.5,23.0,23.0,23.25,23.5,22.75,23.0,22.75,22.5,22.75,23.0,24.0,23.25,23.25,23.0,23.5,23.5,23.5,23.75,22.5,22.75,23.0,22.75,23.25,23.25,23.75,23.25,23.5,23.5,23.25,23.5,23.25,22.75,23.25,23.75,24.5,24.25,23.75,23.75,24.0,22.75,23.25,23.25,24.25,25.0,23.75,23.75,24.0,23.5,23.25,24.5,
1630762204.3866072,24.25,24.25,23.75,23.0,23.5,23.5,22.75,22.5,23.25,23.25,23.0,23.5,23.25,22.75,22.0,22.75,23.0,23.25,22.75,22.5,22.75,22.75,23.0,23.25,23.25,23.5,23.5,23.25,23.0,23.0,23.5,23.25,23.0,22.5,22.5,22.75,23.0,23.25,23.25,23.25,23.0,23.25,23.0,23.25,23.75,23.0,22.75,23.5,24.0,24.0,23.25,23.75,23.75,23.0,23.25,23.25,23.75,24.25,23.75,24.25,24.25,23.5,22.5,24.75,
1630762204.6172009,24.25,23.75,24.0,23.0,23.75,23.5,23.0,22.75,23.75,23.5,23.5,23.25,23.75,23.0,22.75,23.25,22.75,23.5,22.5,22.5,22.75,23.25,22.5,23.75,23.5,23.5,23.0,23.0,23.5,23.25,23.25,23.5,22.75,23.25,22.5,23.25,22.75,22.5,23.25,23.5,23.75,23.75,23.25,23.0,23.25,23.25,23.0,23.25,24.25,24.25,23.75,23.75,23.5,23.0,22.75,23.5,23.75,24.5,24.0,24.0,24.25,23.0,23.25,24.25,
1630762204.754534,24.0,23.5,23.5,23.25,23.5,23.25,22.5,22.5,23.5,23.5,23.75,23.25,23.5,23.25,22.5,22.75,22.75,23.0,22.75,22.75,22.75,22.75,23.0,23.25,23.0,23.0,23.5,23.25,22.75,23.0,23.25,23.75,23.25,23.25,22.75,22.75,22.75,23.0,23.5,22.75,23.25,23.75,23.25,23.25,23.5,23.0,23.25,23.5,24.25,24.0,23.25,23.5,23.75,22.5,23.25,23.25,23.75,24.25,23.5,23.5,24.0,23.25,23.25,23.25,
1630762204.931776,24.0,23.75,24.25,23.0,23.5,23.75,23.25,23.0,23.0,23.5,23.5,23.0,23.5,23.25,22.5,22.75,22.5,23.25,22.75,22.75,22.75,23.0,23.0,23.25,23.25,23.25,23.0,23.25,23.0,22.75,23.25,23.25,22.5,22.75,22.75,22.5,22.75,22.75,23.0,23.25,23.0,24.0,23.5,23.5,23.25,22.75,23.25,23.75,24.5,24.0,24.0,23.75,23.25,23.0,23.0,23.25,24.0,24.25,23.5,24.0,24.0,23.0,23.75,24.5,
1630762205.116123,23.5,24.25,24.0,22.75,23.75,23.75,23.0,23.0,23.0,23.25,23.0,23.25,23.25,22.5,22.75,22.5,23.0,23.5,22.5,22.0,22.75,22.75,22.5,23.5,23.25,23.5,23.0,22.75,23.25,22.75,23.25,23.5,23.0,22.75,23.0,22.75,23.0,23.25,23.5,23.0,23.25,23.75,23.25,23.0,23.0,23.0,22.75,24.0,23.75,23.75,23.25,23.25,23.5,22.25,23.0,24.25,24.0,24.25,23.5,24.0,23.75,23.25,23.0,23.5,
1630762205.4492009,23.75,24.25,23.75,23.0,23.0,23.5,23.0,22.5,23.25,23.75,23.0,23.25,23.75,23.0,22.5,22.75,22.75,22.75,22.0,22.25,22.5,22.25,22.75,23.5,23.0,23.0,23.25,22.5,23.0,23.25,22.75,23.5,22.5,22.5,22.25,23.0,22.25,22.25,23.25,23.25,23.0,23.0,23.5,23.25,22.75,22.75,22.75,23.5,24.0,24.0,23.5,23.75,23.5,22.0,23.0,23.5,24.75,23.5,23.75,23.5,24.0,23.5,23.0,24.25,
1630762205.553206,23.75,24.5,24.0,23.25,23.75,23.5,22.75,22.5,23.5,23.5,23.5,23.5,23.5,23.0,22.5,23.25,22.75,23.5,22.5,22.25,23.0,22.75,22.75,23.0,23.0,23.5,22.75,22.75,23.5,23.25,23.0,23.5,22.5,23.0,23.0,22.5,22.5,23.0,23.5,23.5,23.25,23.5,23.25,23.0,23.0,23.5,23.5,23.75,24.0,24.5,23.75,23.25,23.5,23.0,23.25,23.5,23.75,24.25,23.5,24.5,24.0,23.0,23.75,24.0,
1630762205.6680472,23.5,24.25,23.5,23.5,23.25,23.5,23.0,22.75,24.25,23.5,23.5,23.5,23.25,23.0,22.5,23.25,22.75,23.0,22.75,23.0,22.75,22.75,22.75,23.75,23.5,23.0,23.25,23.0,23.25,23.25,23.25,23.5,22.5,23.25,23.0,22.0,23.0,22.5,23.75,23.25,23.0,23.75,23.5,23.25,23.5,23.25,23.25,24.25,24.25,24.0,23.75,23.75,23.75,22.5,23.25,24.0,24.25,24.0,24.0,24.25,24.25,24.0,23.25,24.25,
1630762205.837835,23.25,23.75,23.5,23.25,23.75,23.5,22.25,22.5,23.5,23.25,23.0,23.5,23.5,22.75,22.5,22.75,22.5,23.5,23.0,22.5,23.0,22.75,22.75,23.75,23.25,23.0,22.75,23.25,23.25,23.25,23.0,23.75,22.75,22.75,23.0,23.0,23.0,22.75,23.75,24.0,23.5,23.0,23.5,23.25,23.5,23.25,23.25,23.25,23.75,24.25,23.25,23.5,23.5,23.0,23.5,24.25,24.75,24.25,23.75,24.5,24.0,23.25,23.25,24.25,
1630762206.013131,23.25,23.75,24.0,23.75,23.5,23.5,23.25,23.5,23.75,23.5,23.25,23.5,23.5,23.5,22.25,22.25,22.5,23.25,22.75,22.5,23.0,22.25,23.0,23.0,23.25,23.0,22.75,23.25,23.25,23.0,23.0,24.0,23.25,22.5,23.25,22.75,22.75,22.75,23.0,23.5,23.5,23.75,23.25,23.5,23.25,23.5,23.5,24.25,23.75,24.5,23.75,23.75,23.5,23.0,23.25,25.25,24.5,24.5,24.0,24.5,24.25,23.25,23.25,24.25,
1630762206.192544,23.25,24.0,23.75,23.25,23.25,24.0,22.75,23.25,23.75,23.25,23.75,23.25,23.5,23.5,22.25,23.0,23.0,23.25,22.75,22.75,23.25,22.75,22.75,23.25,23.25,23.25,23.25,22.75,23.0,23.0,23.5,24.0,23.0,22.75,22.5,22.5,23.0,23.25,23.5,23.0,23.25,23.0,23.5,23.5,23.25,23.0,23.0,24.25,24.25,24.5,23.5,23.75,23.25,22.25,23.25,25.0,23.75,24.75,24.0,24.0,24.0,23.25,23.25,24.5,
1630762206.3731468,24.25,24.25,23.75,23.75,23.5,24.25,22.75,23.25,23.25,24.0,23.5,23.0,23.25,23.0,22.5,23.0,22.75,23.5,22.5,22.75,23.0,22.5,23.25,23.5,23.0,23.5,23.0,23.0,23.0,23.0,23.25,23.5,23.0,23.0,22.75,23.25,23.0,23.25,23.75,23.25,23.5,23.25,23.25,23.0,23.5,23.5,24.25,25.0,24.0,24.75,23.75,23.75,24.0,23.25,23.5,25.75,24.5,24.25,24.0,24.0,24.5,23.5,23.75,25.0,
1630762206.55334,23.75,24.0,23.75,23.25,23.25,23.75,22.75,23.0,23.25,23.5,23.5,23.75,23.5,23.0,22.75,23.0,23.5,23.5,23.0,22.75,23.25,23.0,23.0,23.5,23.25,23.0,23.0,23.0,23.0,22.75,23.0,23.25,23.25,23.0,22.75,22.75,23.0,23.0,23.5,23.5,23.5,23.75,23.5,23.75,23.5,23.75,24.0,24.0,24.5,24.25,23.5,23.5,23.5,23.25,23.75,26.75,23.75,24.5,23.75,24.25,24.25,23.75,23.0,27.0,
1630762206.734824,23.75,23.5,23.75,23.25,23.5,23.75,22.75,23.0,23.25,23.25,23.25,23.25,23.75,23.5,22.5,23.0,22.75,23.0,22.5,22.5,22.25,23.0,22.75,23.75,23.0,23.25,22.75,23.0,23.0,23.25,23.25,23.25,22.5,22.5,23.0,22.75,22.75,23.25,23.25,23.25,23.0,23.0,23.5,23.25,23.75,23.25,24.0,24.0,24.25,24.0,23.5,23.5,23.25,22.75,24.25,27.25,24.0,24.25,23.25,23.5,24.0,23.0,23.75,28.0,
1630762206.913831,24.0,23.75,24.0,23.25,23.5,24.0,22.75,23.0,23.25,24.0,23.5,23.75,23.5,23.75,23.0,23.5,23.25,23.5,23.0,22.75,23.5,22.5,22.75,23.5,23.0,23.25,23.0,23.0,23.25,23.25,23.0,23.25,23.0,22.75,22.5,22.75,23.5,23.0,23.5,23.5,22.75,23.25,23.5,23.5,23.0,23.25,24.25,24.0,24.25,24.25,23.75,23.75,24.0,23.0,25.75,27.5,24.25,24.75,24.0,24.25,24.5,23.5,25.25,29.25,
1630762207.099808,23.25,23.75,24.0,23.5,24.0,23.5,23.0,23.5,23.75,23.75,23.75,23.75,23.5,23.25,22.5,23.25,23.0,23.0,22.75,22.75,22.5,22.75,23.25,23.25,23.75,23.25,23.0,23.0,23.0,23.25,23.0,23.5,23.0,23.25,22.75,22.5,23.0,22.75,23.75,23.25,23.0,23.5,23.5,23.5,23.25,23.25,23.75,24.0,23.75,24.0,23.25,24.0,24.0,23.75,25.0,25.5,24.5,24.5,24.25,24.25,24.5,24.5,27.25,29.5,
1630762207.2781398,23.5,23.75,23.75,22.75,23.5,23.25,23.25,22.75,23.5,23.5,23.25,23.5,23.5,23.0,22.75,22.75,23.0,23.25,22.5,22.25,22.75,22.5,22.75,22.75,23.75,23.25,23.0,22.75,23.0,23.0,22.75,22.75,22.5,23.0,22.5,22.5,22.5,22.75,23.25,23.5,23.25,23.75,23.75,23.25,23.0,23.5,23.5,24.25,24.5,24.25,23.75,24.0,23.75,23.25,25.0,23.25,24.0,24.5,24.25,24.25,24.25,25.0,27.5,27.75,
1630762207.456543,24.0,24.0,23.75,23.75,23.5,24.0,23.0,23.25,23.75,24.0,23.5,23.5,24.0,23.25,23.0,23.5,23.0,23.5,23.0,22.5,23.0,23.0,23.0,23.25,23.25,22.75,23.0,23.0,23.25,23.25,23.5,23.5,22.75,23.0,23.0,23.0,22.75,23.25,23.75,23.75,24.0,23.75,23.25,23.25,23.75,23.5,23.75,23.5,24.0,24.25,23.25,23.75,23.5,23.5,24.75,23.5,24.75,25.5,24.5,24.5,24.5,25.0,26.5,25.5,
